Day,Word,etymology
1,abandon,ad(~에게)+bandon(통제) = ~의 통제에 복종한다
1,abase,ad(~까지) + baissier(낮추다)
1,abash,es(완전히) + bair(놀라게하다)
1,abate,ad(~까지) + batter(때리다)
1,abbreviate,brevis(짧은) -> abbreviare
1,abdicate,ab(~로부터 멀리) + dicare(발표하다)
1,aberrant,ab(~로부터 멀리) + errare(헤매다)
1,abet,ad(~에게) + beter(강요하다)
1,abeyance,"a(~를 향해) + beer(벌리다) => 사회적 지위에 대한 갈망: 현재 ""비어있는 고위 공직""을 갈망한다는 말. "
1,abhor ,ab(~로부터 멀리) + horrere(부들부들 떨다)
1,abject,ab(멀리) + jacere(던지다)
1,abjure,ab(멀리) + jurare(맹세하다)
1,abnegate,ab(멀리) + negare(부인하다)
1,abominate,ab(~로부터 멀리) + omen(불길한 징조)
1,abrade,ab(~로부터 멀리) + radere(문지르다)
1,abreast of,a(~를 향해) + breast(가슴)
1,abridge,abbreviate 어원 같음
1,abrogate,ab(~로부터 멀리) + rogare(입법제안)
1,absolve ,ab(~로부터 멀리) + solvere(풀어주다)
1,abstain,ab(~로부터 멀리) + tenere(붙들다)
1,abstemious,ab(~로부터 멀리) + tementum(술)
1,abstract,ab(~로부터 멀리) + trahere(당기다)
1,abstruse ,ab(~로부터 멀리) + turdere(밀다)
1,abysmal,abyssus(끝없는 심연)
1,accessible ,"ad(~까지) + cedere(양보하다, 가다)"
1,accession,"ad(~까지) + cedere(양보하다, 가다)"
1,acclaim,ad(~에게) + clamere(고함지르다)
1,acclimate,ad(~에게) + climat(기후)
1,accolade,ad(~에) + collum(목) = 기사작위 주면서 목을 끌어 안아 주는 행위
1,accord,ad(~에게) + cord(심장)
1,accountable,conter(계산하다)
1,accrete,ad(~까지) + crescere(커지다)
1,accrue,ad(~까지) + crescere(커지다)
1,acerbic,acerbus(신맛이 나는)
1,acknowledge ,"(g)nosecere 인지하다, 인정하다"
1,acme,그리스어 akmē(최정상)
1,acolyte,"acolytus(시종, 복사)"
1,acquiesce,"ad(~에게) + quiescere(쉬다, 침묵하다)"
1,acquisitive,ad(~까지) + quaerere(찾아 다니다)
1,acquit,ad(~로) + quitare(풀어주다)
1,acrid,"acer, acri(예리한, 신랄한)"
1,acrimonious,"acer, acri(예리한, 신랄한)"
1,acumen,acuere(날카롭게 만들다)
1,acute,acuere(날카롭게 만들다)
1,ad hoc,to this
1,adage,"adagium(saying), aio(I say)"
1,adamant,a(부정어) + daman(길들이다)
1,adapt ,ad(~에) + aptare(알맞다)
1,adaptable,ad(~에) + aptare(알맞다)
1,address,ad(향해서) + directus(똑바로 둔)
1,adduce,ad(~를 향해) + ducere(이끌다)
1,adept,ad(~에) + aptare(알맞다)
1,adequate ,ad(~에) + aequus(동등한)
1,adherent,ad(~에) + haerere(붙어있다)
1,admonish,admonere(경고하여 강요하다)
1,adorn,ad(~에) + ornare(장식하다)
1,adroit,"French à droit(according to right, properly)"
1,adulation,adulari(아부하다)
1,adulterate,adulterare 부패하다
1,adumbrate,ad(~에) + umbrare(그림자 드리우다)
1,advent ,ad(~에) + venire(오다)
1,adversary ,ad(~향해) + vertere(돌리다)
1,adversity,ad(~향해) + vertere(돌리다)
1,advocate ,ad(~에) + vocare(부르다)
1,aesthetic,"그리스어 aisthesthai(감지하다, 이해하다)"
1,affable ,ad(~에게) + fari(말하다)
1,affect ,"ad(~에게) + facere(하다, 만들다)"
1,affiliate,ad(향해서) + filius(아들) 입양하다
1,affinity,ad(~에) + finis(경계)
1,affirm,ad(~에) + firmus(강한)
1,afflict,"ad(~에) + fligere(때리다, 치다)"
1,affluent,"ad(~로) + fluere(흐르다) 
'잔이 넘치나이다'"
1,affront,ad frontem (to the face 면전에)
1,aggrandize,"grandis(큰, 거대한)"
1,aggravate,ad(증가) + gravis(무거운)
1,aggregate ,"ad(향하여) + greg, grex(무리)"
1,aggrieved,"ad(증가) + gravis(무거운) 
'분위기 무겁게 만들다'"
1,agile,agere(하다)
1,agitate,agere(하다)
1,agog,en(안에) + gogue(재미)
1,agony,agōn(경쟁하다)
1,ailing,Gothic agls(수치스러운)
1,airtight,air + tight
1,alacrity,alacer(경쾌한)
1,albeit,all be it (although it be ~)
1,alienate,alius(다른) -> alienare 
1,align ,프랑스어 à ligne (into line 대열에 맞춰서)
1,allay,고대 영어 ālecgan(아래 내려 놓다)
1,allegorical,그리스어 allos(다른) + agoria(말하는)
1,alleviate,"ad(~까지) + levare(들어올리다), levis(가볍다)"
1,alloy,alligare(묶다)
1,allude ,ad(향해서) + ludere(놀다)
1,allure,ad + lurere(낚시 인조 미끼)
1,allusive,ad(향해서) + ludere(놀다)
1,aloof,a(~를 향해) + luff(뱃머리를 바람쪽으로) 배가 항구에서 멀어졌다
1,altruistic,alteri huic(to this other)
1,amalgamate,그리스어 malagma(피부크림)
1,amass,massa(덩어리)
1,ambient,ambire(주변을 돌다)
1,ambiguous ,ambi(양쪽) + agere(몰고가다)
2,ambivalent,ambi(양쪽) + valere(가치가 있다)
2,ameliorate,melior(더 나은 better)
2,amenable,"ad(~로) + mener(가져오다)  
= 1. 이루어주시옵소서 2. YES"
2,amend,"e(밖으로) + menda(오류) 
오류를 찾아낸다"
2,amenity ,amoenus(즐거움을 주는)
2,amiable,amicus(친구) -> amicabilis(친근한)
2,amicable,amicus(친구) -> amicabilis(친근한)
2,amity,amicus(친구)
2,amorphous    ,a(없는) + morphē(형태)
2,anachronistic,"ana(뒤로, 역행) + khronos(시간)"
2,analogous,analogos(비례하는) 
2,anathema,"그리스어 ana(up) + tithenai(set) -> anathema 마귀에게 바쳐진 것, 저주 받은 것"
2,anatomize,ana(위로) + tomia(자르기)
2,ancillary,ancilla(여자 몸종 이름)
2,anecdotal,그리스어 an(부정어) + ekdidonai(발표하다)
2,animadversion,"animus(마음, 영혼) + ad(향해서) + vertere(돌리다) "
2,animated,"anima(생기, 생명, 영혼)"
2,animosity,"animus(마음, 영혼) "
2,anneal,"고대영어 on+ ǣlan(태우다, 굽다)"
2,annihilate,ad(~로) + nihil(nothing)
2,annotate,ad(~로) + nota(표시)
2,annul,ad(~에게) + nullum(nothing)
2,anodyne,an(없는) + odunē 통증
2,anomalous,"an(아니다) + homals(균등한, 동일한)"
2,anonymous ,an(없는) + onoma(이름)
2,antecede,"ante(미리, 이전에) + cedere(가다)"
2,antedate,"ante(미리, 이전에) + date(날짜)
*dare(give) -> data(given, delivered 배달일 표시)"
2,antediluvian,"ante(미리, 이전에) + deluvium(대홍수)"
2,anthropogenic,anthropo(인류의) + gignomai(태어나다)
2,anthropomorphism,anthropo(인류의) + morphē(형태)
2,anticipate,"ante(미리, 이전에) + capere(붙들다)"
2,antidote,anti(반대의) + didonai(주다) = 반대 효과를 주다
2,antipathy ,anti(반대의) + pathos(감정) 
2,antiquated,"antiquus, anticus(이전의, 옛날의)"
2,antithesis,anti(반대의) + tithenai(두다)
2,antithetical,anti(반대의) + tithenai(두다)
2,apathetic,a(없는) + pathos(감정) 
2,apathy,a(없는) + pathos(감정) 
2,ape,독일어 Affe
2,apex,"apex(정점, 끝)"
2,aphorism,그리스어 aphorizein(정의하다)
2,aplomb,프랑스  à plomb(연추)
2,apocalyptic ,"그리스어 apo(반대말 접두어) + kaluptein(덮다, 감추다)"
2,apocryphal,"그리스어 apo(멀리, 분리) + kruptein(숨기다) = hide away"
2,apologist,"그리스어 apo(멀리, 분리) + logos(말하다) = explain away, give an account"
2,apostate,"그리스어 apo(멀리, 분리) + stasis(서 있다) = 도망친 노예"
2,appall,"ad(~에게) + palir(창백한) 
창백해지다 -> 창백하게 만들다"
2,apparition,ad(~를 향해) + parere(시야에 드러나다)
2,appease,ad(~에) + pais(평화)
2,apposite,ad(향하여) + ponere(두다)
2,appraise,ad(~에) + pretium(가격)
2,appreciable,ad(~에) + pretium(가격)
2,appreciate ,ad(~에) + pretium(가격)
2,apprehension,"ad(~향해) + prehendere(잡다, 쥐다)"
2,apprehensive,"ad(~향해) + prehendere(잡다, 쥐다)"
2,apprise,"ad(~향해) + prehendere(잡다, 쥐다)"
2,approbation,"ad(~에) + probare(참인지 시험하다), probus(참인, 좋은)"
2,appropriate,"ad(~에) + proprius(적절한, 소유하다)"
2,approve ,"ad(~에) + probare(참인지 시험하다), probus(참인, 좋은)"
2,approximate,ad-(~에) + proximus (매우 가까운)
2,appurtenance,appertinere(~의 것이다)
2,apropos,French à propos(이 목적에 알맞게)
2,arbiter,arbiter(판사)
2,arbitrary,arbiter(독재자)
2,arbitrate,arbiter(판사)
2,arcane,arcere(입을 닫다)
2,archaic,"arkhē(처음, 시작, 원시)"
2,archetype,"arkhē(처음, 시작, 원시) + tupos(모델, 모범)"
2,ardent,ardere(불지르다)
2,arduous,"arduus(어려운, 변화가 빠른)"
2,arid,"arere(건조해지다, 바싹 마르다)"
2,arraign,"ad(~에) + ratio(논리, 설명, 이유)"
2,arrest ,"ad(~에) + restare(머물다, 멈추다)"
2,articulate,"articulare 연결부위별로 완전히 나누다, artus 연결부위"
2,artless,"ars, art-(기술, 예술) + less"
2,ascendancy,ad(~로) + scandere(올라가다)
2,ascertain,"certus(확실한, 결정된, 안정된)"
2,ascetic ,askētēs 수도승
2,ascribe (A to B),ad(~에) + scribere(쓰다)
2,askance,unknown origin
2,asperity,asper 거친
2,aspersion,ad(~로) + spargere(물을 뿌리다)
2,aspiration,ad(~로) + spirare(호흡하다)
2,assail,"ad(~로) + salire(뛰다, 튀어 오르다)"
2,assent,"ad(~향해) + sentire(느끼다, 생각하다)"
2,assert ,ad(~에) + serere(합류하다)
2,assertive,ad(~에) + serere(합류하다)
2,assiduous,ad(~에) + sedere(앉다) => assidere(참여하다)
2,assimilate,ad(~에) + similis(비슷한)
2,assorted,ad(~로) + sorte(종류)
2,assuage,"ad(~에) + suavis(sweet, agreeable)"
2,assume ,ad(~향해) + sumere(잡다)
2,astringent,"ad(~향해) + stringere(묶다, 단단히 당기다)"
2,astute,"astus 솜씨, 기술"
2,asylum ,a(없는) + sulon(붙잡을 권리)
2,at a premium,-
2,atomize,a(부정어) + temnein(자르다) => atom 더 이상 쪼갤 수 없는 상태
2,atone,"ad + una + mentum => at one ment
atonement가 먼저 생기고, atone이 생김"
2,atrocious,atroc-(잔인한)
2,atrophy,a(없는) + trophē(음식)
3,attenuate,ad(~로) + tenurare(가늘고 묽게 만들다)
3,attest (to),ad(~에) + testari(목격하다)
3,attribute,ad(~에) + tribuere(지정하다)
3,attrition,atterere(문지르다)
3,attune,"ad(~에) + tonos 긴장, 뻗음"
3,audacious ,"audere(감히 ~해보다, 엄두를 내다)"
3,augment,augere(증가하다)
3,augur,"augur(점쟁이, 예언자)"
3,august,"augustus(신성한, 존경받는)"
3,auspicious,avis(새) + specere(보다)
3,austere ,austēros(가혹한)
3,authenticate,"그리스어 authentikos(주요한, 진짜의)"
3,authoritarian,"augere(증가하다, 장려하다, 생겨나다) -> auctor(author)"
3,authoritative,"augere(증가하다, 장려하다, 생겨나다) -> auctor(author)"
3,autocratic,autos(자신의) + kratos(권력)
3,autonomy,autos(자신의) + nomos(법)
3,avant-garde,"avant(미리, 앞서) + garde(지키다)"
3,avarice,avarus(욕심 많은)
3,aver,"ad(~에게) + verus(진짜의, 진실한)"
3,aversion,ab(~로부터) + vertere(돌리다)
3,avert,ab(~로부터) + vertere(돌리다)
3,avid,avere(갈망하다)
3,avow,ad(~에) + vocre(부르다)
3,awe,고대영어 ege(두려움)
3,awkward,"중세영어 awk(뒤로, 서툰, 행동이 비뚤어진) "
3,awry,고대영어 wrīgian(기울다)
3,axiomatic,Greeek axios 가치있는
3,backfire,back + fire
3,backhanded,-
3,backtrack,-
3,backwater,back + water
3,badger,"오소리'의 머리모양이 badge같아서 badger.
'괴롭히다'는 badger-baiting에서 유래."
3,badinage,"프랑스어 badiner(농담하다), badin(바보)"
3,baffle,"고대프랑스어 beffer(놀리다, 속이다)"
3,bale,"고대영어 balu, bealu"
3,balk (at),"고대 노르웨이어 bálkr(일부분, 구분) 실수로 쟁기질을 하지 않은 땅이라는 의미에서 '실수, 누락'. -> 방해물 -> 주저하다"
3,balkanize,Balkan 반도는 1920년대 작은 적대적인 국가들로 쪼개져서 지금도 분쟁중이다.
3,balky,"고대 노르웨이어 bálkr(일부분, 구분) 실수로 쟁기질을 하지 않은 땅이라는 의미에서 '실수, 누락'. -> 방해물 -> 주저하다"
3,balloon,이태리어 ballone(큰 공)
3,ballyhoo,unknown origin
3,banal,"고대 프랑스어 ban(선언, 소환, 징집) 모두에게 발표하는 내용이라는 의미에서 진부한"
3,bane,"고대 노르웨이어 banna(저주하다, 금지하다)"
3,banter,unknown origin
3,barb,barba(수염이 있는) 물고기 수염 -> 가시
3,barefaced ,bare + face + ed(명사에 붙으면 '가진')
3,baroque,프랑스어 baroque
3,barrel,barriclus(작은 통) 통이 굴러가는 모습에서 동사 의미 파생.
3,barring,"bar(막다, 금지하다, 배제하다) + ing"
3,base,"bassus(짧은) -> 낮고, 짧은, 저질의"
3,baseless,"bassus(짧은) -> 낮고, 짧은, 저질의 + less"
3,bask (in),고대 노르웨이어 batha(목욕하다)
3,bawdy,bawd(포주) + y
3,beatific,"beatus(축복받은) + facere(만들다, 하다)"
3,bedeck,"be(타동사화 접미어) + 중세 네델란드어 dec(지붕, 덮게)"
3,bedizen,be(강조) + dizen(장식하다)
3,bedlam ,St Mary of Bethelem in London 정신질환 병원
3,befitting,be(타동사화 접미어) + fit(어원불명)
3,befuddle,be(타동사화 접미어) + fuddle(어원불명)
3,beget,고대영어 begietan(애써서 얻다)
3,begrudge,be(타동사화 접미어) + 고대 불어 grouchier(불평하다)
3,beguile,"be(완전히, 철저히) + guile(속임수)"
3,beholden,"be(완전히, 철저히) + hold(붙들다) 보다 -> 봐주다 "
3,beleaguer,"be(사방에, 온통) + leger(적의 캠프)"
3,belie,"고대영어 be-(대하여, 관하여) + lēogan(거짓말하다)"
3,belittle,"Thomas Jefferson이 만든말.
be(되어라) + little"
3,bellicose,bellum(전쟁) + cosus(비슷한)
3,belligerent ,bellum(전쟁) + gerare(일으키다)
3,bemoan,"고대영어 bemǣna(불평하다, 한탄하다)"
3,bemuse,"be(강조) + muse(생각에 잠기다, 멍하게 있다)"
3,benediction,"bene(좋은, 잘) + dicere(말하다)"
3,beneficent,"bene(좋은, 잘) + facere(만들다, 하다)"
3,benevolent,"bene(좋은, 잘) + velle(바라다)"
3,benighted,be(타동사화 접미어) + night(라틴어 nox)
3,benign,"bene(좋은, 잘) + genus(태어난)"
3,benignant,"bene(좋은, 잘) + genus(태어난)"
3,bent,고대영어 bendan (묶은 끈을 당겨서 활을 팽팽하게 만들다) -> bend
3,bequeath,"고대영어 be-(대하여, 관하여) + cwethan(말하다)"
3,berate ,be(완전히) + rate(어원불명)
3,bereave,"be(강조) + reave(약탈하다, 독일어 rauben)"
3,bereft of ,"be(강조) + reave(약탈하다, 독일어 rauben)"
3,beset,고대영어 be-(주변에) + settan(두다)
3,besmirch,be(온통) + smirch(의태어)
3,bespeak,"고대영어 be-(주변에, 관하여) + speak"
3,bestow,중세영어 be(강조) + stōw(두다)
3,betoken,고대영어 be(강조) + tācnian(표시하다)
3,betray,"중세영어 be(완전) + tray(배신하다), 라틴어 tradere 넘겨주다"
3,bewail,중세영어 be(강조) + wail
3,bewilder,근대영어 be(완전히) + wilder(헤매다)
3,bifurcate,bi(두 개의) + furca(포크)
3,bigot,by + God -> 프랑스어 bigotere 종교적으로 위선적인 사람
3,biting ,독일어 beissen 물다
3,bizarre,이태리어 bizzarro 화난
3,bland,blandus(부드러운)
3,blandish,blandus(부드러운)
3,blare,중세 네델란드어 blaren
3,blasphemy,"blasphemare 혼내다, 매도하다"
3,blatant,스코틀랜드어 blatand(울음소리)
3,blazon,고대 프랑스어 blason(방패)
3,bleak,"고대영어 blāc(흰색, 빛나는) "
3,blemish,"고대 프랑스어 ble(s)mir(창백하게 만들다, 해를 입히다)"
4,blight,unknown origin
4,blithe,고대영어 blīths(축복)
4,bludgeon,unknown origin
4,blunder,독일어 blind
4,blunt,고대 노르웨이어 blunda(눈을 감다)
4,blurt,의태어
4,bluster,의태어
4,boast,unknown origin
4,bode,고대영어 boda(messenger)
4,bogus,unknown origin
4,boisterous,unknown origin
4,bolster,독일어 Polster
4,bombastic,bombyx(누에고치) -> 고대 프랑스어 bombace 목화 -> 패딩의 속재료
4,boon,고대 노르웨이어 bón(호의)
4,boorish,네델란드어 boer(농부)
4,bootless,"고대영어 bōt 유익함, 치료제 + less"
4,border (on),고대 프랑스어 bordeure
4,brackish,네델란드어 brack(짠)
4,braggart,unknown origin
4,brandish,고대 프랑스어 brandiss
4,brash,"독일어 rasch(민첩한, 열망하는)"
4,bravado ,스페인어 bravo(용감한) + ado(명사형)
4,bray,고대 풀어 breier(부시다)
4,brazen   ,고대영어 bræsen 황동으로 만들어진
4,breach,frangere 부수다
4,breakthrough,break + through
4,brevity,brevis(짧은)
4,bridle,네델란드어 breidel
4,bristle,"중세 영어 byrst, 독일어 Borste"
4,broach,"brocchus, broccus(튀어나온)"
4,bromide,그리스어 brōmos(고약한 냄새). 사진을 만들 때는 쓰는 약물 브롬(bromine)이 숨이 막힐만큼 냄새가 고약함. 액자에 넣는 글귀나 사진 인화에 쓰였음.
4,brook,"고대영어 brūcan(사용하다, 소유하다)"
4,buccaneer,boucan (고기를 요리하고 저장하는 틀) -> 프랑스어 boucanier 사냥꾼
4,bucolic,"bous 소, boukolos 소주인"
4,buffoonery,buffo(광대)
4,bulwark,bole(나무 둥지) + work
4,bumbling,"boom('험, 부움' 의성어) + le(반복동작 동사)"
4,bumptious,bump + fractious 합성어. 돌출한 모습과 화 잘 내는 모습을 희화한 것.
4,bungle ,unknown origin
4,buoy,스페인어 boyar 떠 있다
4,buoyant,스페인어 boyar 떠 있다
4,burgeon,burra(털실)
4,burlesque,이태리어 burla(조롱하다)
4,burnish,brun(갈색 brown)
4,bustle,중세영어 busk(준비하다)
4,buttress,"고대 프랑스어 boter(때리다, 찌르다)"
4,byzantine,Byzantium
4,cabal,Kabbalah 유대교의 신비주의 일파
4,cache,프랑스어 cacher(숨기다)
4,cachet,"17세기 불어, cacher(찍다, 누르다) "
4,cacophony,그리스어 kakos(나쁜) + phōnē(소리)
4,cagey,unknown origin
4,cajole,프랑스어 cajoler(감언이설로 꼬시다)
4,calamity,"calamitas(재난, 고통)"
4,calculated,calculus(주판에 이용된 작은 돌맹이)
4,caliber,아랍어 qālib(틀)
4,calibrate,아랍어 qālib(틀)
4,callous ,callous(굳은 살) “양심에 화인받은”
4,callow,calvus(털이 없는)
4,calumny,claumnia(중상모략)
4,camaraderie ,프랑스어 camarade(동무)
4,camouflage,프랑스어 camouflet(얼굴을 덮은 연기)
4,candid,candor(흰색)
4,canned,"can(통조림, 캔) + ed(형용사형)"
4,canny,조동사 can의 형용사형
4,canon,"그리스어 kanōn(규칙, 자)"
4,cant,cantare(노래하다). 구걸하는 거지들의 소리가 마치 노래의 후렴구처럼 들림 -> 알아들을 수 없이 중얼거리는 말 -> 전문용어
4,canvass,멍석(canvas)에 던져 넣고(멍석말이) 벌주다 -> 비난하다 -> 의견을 묻다 -> 지지를 호소하다
4,caparison,스페인어 caparzón 말 안장에 올리는 천
4,capitulate,"caput(머리, 대가리("
4,capricious,"cap(머리, 대가리) + riccio(고슴도치)"
4,captious,capere(잡다 붙들다)
4,captivate,capere(잡다 붙들다)
4,caricature,caricare(과장하다)
4,carnal ,carn(살)
4,carping,carpere(중상모략하다)
4,castigate,castigare(꾸짖다)
4,casual ,casus(떨어지다)
4,casualty ,casualitas(우연히 발생한 일)
4,catalyze ,kata(아래로) + luein(느슨하게 만들다)
4,catchall,capere(잡다 붙들다) + all
4,categorical,그리스어 katēgoria(선언문)
4,cater,고대 프랑스어 acater(구입하다)
4,caterwauling,cat + waul(의성어)
4,catholic ,그리스어 kata(존경하여) + holos(전체)
4,caustic,그리스어 kaiein(태우다)
4,causal,causa(원인)->causalis
4,cavalier ,caballus(말)
4,cavil,cavilla(흉내내어 조롱하기)
4,cede,cedere(양보하다)
4,celebrate,celeber(존경받는)
4,celerity,celer(빠른)
4,censorious,"censure(평가하다) -> censorius(치안판사, 즉결심판판사)"
4,censorship,"censure(평가하다) -> censorius(치안판사, 즉결심판판사)"
4,censure,"censure(평가하다) -> censura(판결, 판단)"
4,centrifugal,centrium(가운데) + fugere(도망가다)
4,cerebral,cerebrum(뇌)
4,ceremonious,caerimonia(종교 예배)
4,certitude,"certus(확실한, 결정된, 안정된)"
4,cessation,cessare(중단하다)
5,chagrin,프랑스어 chagrin(거친 피부)
5,challenge ,calumniari(중상모략하다)
5,champion,"campus(평지) -> campio(싸움꾼, 선수)"
5,charlatan,ciarlare(발과 팔을 반만 담그고 첨벙거리다)
5,chary ,"고대 게르만어 chara(슬픔, 한탄)"
5,chasten,"castus(도덕적으로 깨끗한, 순결한)"
5,chastise,"castus(도덕적으로 깨끗한, 순결한)"
5,chauvinism,Napoleon군대의 군인 Nicolas Chauvin. 지나친 애국심으로 유명.
5,check,exchequer(체스 경기에서 ‘체크를 외치다’ 장기의 ‘장군’과 유사)
5,cherubic,고대 아람어 kĕ-raḇyā(아이같은) -> 히브리어 kĕrūḇ(천사) -> 고대 영어 cherubin 
5,chic,"독일어 Shick(솜씨, 스킬)"
5,chicanery,프랑스어 chicanerie(감언이설로 설득하다)
5,chide,고대영어 cīdan(꾸짖다)
5,chimera,"그리스신화 Chimera 사자 머리, 염소 몸, 뱀 꼬리의 괴물."
5,chivalrous,caballarius(마부)
5,choleric,"그리스어 kholē(담즙), cholera(설사)"
5,churlish,"독일어 Kerl(동료, 친구)"
5,cipher,아랍어 ṣifr(zero)
5,circuitous,circum(주변) + ire(가다)
5,circumlocution,circum(주변) + loqui(말하다)
5,circumscribe,circum(주변) + scribere(쓰다)
5,circumspect,circum(주변) + specere(보다)
5,circumstantial,circum(주변에) + stare(서 있다)
5,circumvent,circum(주변) + venire(오다)
5,civil,civis(시민)
5,clairvoyant ,clair(명확한) + voyant(보는)
5,clamor,clamare(외치다)
5,clandestine,clam(비밀스럽게)
5,clannish,"고대 아일랜드어 cland(가족, 자손)"
5,cleave,"독일어 klieben(쪼개다), kleben(붙어 있다)"
5,clemency,clementia(자비로운)
5,clinch,"중세 네델란드어 klingen(붙어 있다, 고수하다)와 관련"
5,cliquish,고대 프랑스어 cliquer(소음을 내다)
5,cloak,"clocca(종, 벨)"
5,clot,"kluit(흙, 점토 덩어리)"
5,clout,고대 영어 clūt(금속판)
5,clustering,고대 영어 clyster
5,coagulate,coagulum(치즈 제조용 응고제) -> coagulare 응고시키다
5,coalesce,co(함께) + alescere(성장하다)
5,coarse,"중세 영어 ‘평범한, 질 낮은’"
5,coax,16세기 후반 cokes(바보) -> 바보로 만들다
5,coddle,caudle(환자에게 죽을 주다)의 사투리
5,codify ,codex(나무 블록) -> 글씨를 쓸 수 있는 나무판
5,coerce,co(함께) + arcere(억제하다)
5,cogent,co(함께) + agere(몰고가다)
5,cognizant,cognoscere(알다)
5,coherent,co(함께) + haerere(붙이다)
5,coincide ,"co(함께) + incidere(떨어지다, 해당하다)"
5,collegiality,co(함께) + laborare(일하다)
5,collude ,col(함께) + ludere(놀다)
5,color,"colorare(동), color(명)"
5,colossal,그리스어 kolossos: 헤도도투스가 그리스 신전의 조각상에 붙이 명칭
5,comestible,comis(예의 바른)
5,comity,"com(모두, 함께 + edere(먹다)"
5,commend,"com(강조) + mandare(맡기다, 명령하다)"
5,commensurate,com(함께) + mensurare(측정하다)
5,commiserate,com(함께) + miserari(슬퍼하다)
5,commitment ,com(함께) + mittere(보내다)
5,commodious,commodus(넓고 편리한)
5,commonplace ,그리스어 koinos(common) topos(place) -> 라틴어 locus(place) communis(common)
5,compartmentalize,compartiri(나누다)
5,compatible,compati(함께 고통을 겪다)
5,compelling,com(함께) + pellere(몰고가다)
5,compendious,"com(함께) + pendere(무게달다) -> 저축, 이익, 요약한 것"
5,compensate,com(함께) + pendere(무게달다)
5,complacent,"com(강조) + placere(달래다, 즐거움을 주다"
5,complaisant,"com(강조) + placere(달래다, 즐거움을 주다"
5,complement,com(강조) + plere(채우다)
5,complexion,"complectere(껴안다, 구성하다)"
5,compliant,com(강조) + plere(채우다) -> complere(요구사항을 충족시키다)
5,composure,com(함께) + ponere(두다)
5,compound,com(함께) + ponere(두다)
5,compromise ,com(함께) + pro(앞으로) + mittere(보내다)
5,compunction,com(강조) + pungere(찌르다)
5,comradeship,camera(방) -> camarada(룸메이트)
5,concede,con(완전) + cedere(양보하다)
5,concerted,concertare(화음을 이루다)
5,conciliatory,"con(togher) + calare(call, summon, bring)"
5,concoct,concoquere(함께 요리하다)
5,concomitant,con(함께) + comitari(오다)
5,concord,con(함께) + cord(심장)
5,concur,con(함께) + currere(달리다)
5,condensed   ,con(함께) + densus(밀도 높은)
5,condescend,con(함께) + de(아래로) + scandere(오르다)
5,condign,con(합쳐서) + dignus(가치있는)
5,condole,"con(함께) + dolere(슬퍼하다, 고통을 겪다)"
5,condone,con(함께) + donare(주다)
5,conducive ,"con(함께) + ducere(데려오다, 이끌다)"
5,confer ,con(함께) + ferre(데려오다)
5,confidential,con(강조) + fidere(신뢰하다)
5,configuration,con(함께) + figurare(모양을 만들다)
5,conflate,con(함께) + flare(불다 blow)
5,confluence,con(함께) + fluere(흐르다)
5,conform,con(함께) + formare(형성하다)
5,confound,"con(함께) + fundere(섞다, 붓다)"
5,congeal,con(함께) + gelare(얼다)
5,congenial,con(함께) + gignere(낳다)  ginger -> genius -> génie(수호신)
5,congenital,con(함께) + gignere(낳다) 
5,congregate,con(함께) + gregare(모으다)
5,congruent,"con(함께) + ruere(떨어지다, 몰려가다)"
6,congruous,"con(함께) + ruere(떨어지다, 몰려가다)"
6,conjecture,con(함께) + jacere(던지다)
6,conjunction,con(함께) + jungere(합류하다 join)
6,conjure,con(함께) + jurare(맹세하다)
6,connive,con(함께) + nictare(윙크하다)
6,connoisseur,conoistre(알다)
6,connote,con(함께) + notare(표시하다)
6,consequential,consequent-(가까이 따라오는)
6,conscientious,con(함께) + scire(알다)
6,consensus,con(함께) + sentire(느끼다)
6,considerable,sidus(별) => considerare(조사하다)
6,consign,con(함께) + signare(서명하다) -> 도장(인장)을 찍다
6,console,con(함께) + solari(위로하다)
6,consolidate,con(함께) + solidare(강하게 만들다)
6,consonance,"con(함께) + sonare(소리나다, 울리다)"
6,conspicuous,con(강화) + spicere(보다)
6,conspire,con(함께) + spirare(호흡하다)
6,constrain,consternare 위협하다
6,construe ,"con(함께) + struere(쌓다, 짓다) -> 문장의 구조를 분석하다"
6,consummate,con(다합쳐서) + summa(총합)
6,contemplate,con(완전) + templum(관찰해야할 장소)
6,contend,"con(함께) + tendere(뻗다, 애쓰다)"
6,contention,"con(함께) + tendere(뻗다, 애쓰다)"
6,contentious,"con(함께) + tendere(뻗다, 애쓰다)"
6,contest,con(함께) + testare(목격하다)
6,contiguous,con(함께) + tangere(만지다) -> contiguus(붙어 있는)
6,contingent,con(함께) + tangere(만지다) 
6,contort,con(함께) + torquere(비틀다)
6,contradict,contra(반대하여) + dicere(말하다)
6,contravene,contra(반대하여) + venire(오다)
6,contrite,con(함께) + terere(문지르다)
6,contrive,"contropare(준비하다) -> 고안하다, 발명하다"
6,controvert,contro(반대하여) + vertere(돌리다)
6,contumacious ,con(함께) + tumere(부풀어 오르다)
6,conundrum,unknown origin
6,convene,con(함께) + venire(오다)
6,conventional,con(함께) + venire(오다)
6,convergence,con(함께) + vergere(기울다)
6,conversant ,con(함께) + vertere(돌다)
6,conversely,con(함께) + vertere(돌다)
6,convict,con(함께) + vertere(돌다)
6,conviction,con(함께) + vincere(정복하다)
6,convivial,con(함께) + viviere(살다)
6,convoke,con(함께) + vocare(부르다)
6,convoluted,con(함께) + volvere(돌리다)
6,convulsion,con(함께) + vellere(당기다)
6,copious,copia(풍요로움)
6,cordial,cord(심장)
6,cornucopia ,cornu(뿔) + copia(풍요)
6,corollary,"corpus(육체, 몸) "
6,corporeal,"corona(화관, 장식, 왕관) -> corollarium(화관이나 장식에 대한 댓가로서의 돈)"
6,corpulent,"corpus(육체, 몸)"
6,correspond ,cor(함께) + re(다시) + spondere(약속하다)
6,corroborate,cor(함께) + roborare(힘을 내다)
6,coruscate,coruscare(반짝이다)
6,cosset ,16세기. 손수 기른 양
6,coterie,독일어 kote(비둘기 둥지)
6,coterminous,con(함께) + terminus(경계)
6,couch,collocare(함께 두다)
6,countenance,contra(반대하여)
6,counter ,contra(반대하여)
6,counterbalance,counter(반대의) + balance
6,counterpart,counter(반대의) + part
6,counterpoint,contra(반대하여) + pungere(찌르다)
6,counterproductive,contra(반대하여) + productive
6,court,"cohort, cohors(마당, 수행원단)"
6,courteous,"cohort, cohors(마당, 수행원단)"
6,covert,"co(강조) + operate(닫다, 덮다)"
6,covet,cupere(갈망하다)
6,cowed,고대 노르웨이어 kúga(억압하다)
6,cower,중세 독일어 kūren(기다리며 누워 있다)
6,crabbed,crab(게)이 옆으로 걷는 모습에서 유래
6,crass,"crassus(단단한, 굵은)"
6,craven,crepare(불쑥 말하다)
6,craving,덴마크어 Kræve(요구하다)
6,craze,스웨덴어 krasa(중요한 상황)
6,credence,"creditum(신뢰, 신용)"
6,credit,"credere(신뢰하다, 믿다)"
6,credulous,"credere(신뢰하다, 믿다)"
6,creep ,고대영어 crēopan(포복하여 움직이다)
6,crest,crista(깃털)
6,crestfallen,crista(깃털) + fallen
6,cringe,네델란드어 krangen(무릎 꿇다)
6,criterion ,kritēs(판사)
6,croon,"krōnen(신음하다, 한탄하다)"
6,crotchety,"crok(고리, 걸이)"
6,crumble ,고대영어 cruma(빵가루)
6,crux,십자가
6,cryptic,그리스어 kruptos(숨긴)
6,culminate,culmen(최정상)
6,culpable,"culpa(잘못, 죄)"
6,culprit,"culpa(잘못, 죄)"
6,cultivate,"colere(경작하다, 거주하다)"
6,cumbersome,"combre(강, 사격) -> 방해물"
6,cunning,고대 노르웨이어 kunna(알다)
6,curb,curvare(굽다) -> curb bit 말 재갈
6,cursory,currere(달리다) -> curosrius(달리는 사람의) 
6,curt,curtus(짧게 자른)
6,curtail ,curtus(짧게 자른) + tailler(자르다)
6,cynical,kuōn(개) -> Cynic 철학자들에대한 별명
7,cynosure,kuōn(개) + oura(꼬리) 
7,dabble,dab(촉촉하게 토다걱리다) -> dabble (발이나 손을 반만 담그고 첨벙거리다)
7,daft,고트어 gabadan(딱 맞는)
7,dally,고대 프랑스어 dalier(잡담하다)
7,dampen ,"중세 독일어 ‘수증기, 연기’"
7,dashing ,"고대 불어 darz, dars(창)"
7,dated,dare(주다) -> data(편지가 배달되었다는 표시)
7,daunt,domare(길들이다) -> domitare(자주 계속 기들이다)
7,daunting,domitare(길들이다)
7,dauntless,domare(길들이다) -> domitare(자주 계속 기들이다)
7,dawdle,"방언 daddle, doddle(천천히 움직이다)"
7,daze,고대 노르웨이어 dasathr ‘지친’
7,dazzle,"고대 노르웨이어 dasathr(지친) -> daze(멍해질만큼 충격을 주다) -> dazzle(놀라게 하다, 압도하다)"
7,deadpan,dead + pan(프라이팬)
7,dearth,dear(비싼고 귀한) + th(명사형 어미)
7,debacle,프랑스 dé-(반대) + bâcler(막다) -> 막지 못하다 -> 강에 얼어 있는 얼음이 깨지다
7,debase,de(아래로) + base(낮추다)
7,debauchery ,프랑스어 débaucher(의무를 등한시하다)
7,debilitate,debilitare(약화시키다)
7,debunk,"de(완전, 강조) + bunk(헛소리)"
7,decimate,decimus(10분의 1). 10명 중에 1명을 죽이다 -> 많이 죽이다 -> 파괴하다
7,decipher ,de(반대) + 아랍어 ṣifr ‘zero’. 
7,decorous,de(반대) + codex(나무 판)
7,decorum,decorus(예의 바른)
7,decrepit,de(아래로) + crepare(끽끽거리다)
7,decry,de(아래로) + cry
7,deduce,de(아래로) + ducere(이끌다)
7,defame,dis(제거) + fama(보고서)
7,default,"de(강조) + fallere(실망시키다, 속이다)"
7,defeasible,"disfacere(취소하다, 파괴하다)"
7,defer,"de(멀리, 뒤로) + ferre(옮기다)"
7,deference,"de(멀리, 뒤로) + ferre(옮기다)"
7,deferential,"de(멀리, 뒤로) + ferre(옮기다)"
7,deferrable,"de(멀리, 뒤로) + ferre(옮기다)"
7,defiant,"dis(반대, 뒤집기) + fidus(신실한)"
7,deficiency,"de(반대, 뒤집기) + facere(하다)"
7,definitive,"de(완전, 강조) + finire(끝내다)"
7,deflate,"de(반대, 뒤집기) + flare(부풀어 오르다)"
7,defraud,de(~로부터) + fraudare(속이다)
7,deft,고딕어 gabadan(딱 맞다)
7,defuse,de(반대) + fūsus(축->퓨즈)
7,defy,"de-(멀리) + genus, gener-(종, 종류)"
7,degenerate,dis-(반대) + fidus(신실한)
7,dehydrate ,de(제거) + hudros(물)
7,deify,deus(신) + -ficare(만들다)
7,deject ,de(아래로) + jacere(던지다)
7,delectable,delectare(매료시키다)
7,delegate,de(아래로) + legare(임명하다)
7,deleterious,그리스어 dēlētērios(해로운)
7,deliberate ,"de(아래로) + librare(무게달다), libra(저울)"
7,delineate  ,"de(완전히) + lineare(윤곽, 선)"
7,delirious,de(멀리) + lira(고랑사이의 솟은 곳) -> (물이) 고랑 밖으로 흘러 나온다
7,delude   ,"de(경멸) + ludere(놀다, 놀리다)"
7,delve,네델란드어 delven.
7,demanding,de(공식적으로) + mandare(명령하다)
7,demarcate,스페인어 demarcación(경계정하기)
7,demean,de(멀리) + minare(몰다)
7,demise,"고대 불어 demettre(해고시키다, 하야하다)"
7,demography,"그리스어 dēmos(민중, 서민) + graphy(~학)"
7,demonstrable,demonstrare(지적하다)
7,demoralize,"프랑스어 dé-(반대로) + moral(도덕, 윤리)"
7,demote ,"de(멀리, 완전히) + morari(지연시키다)"
7,demur,"de(멀리, 완전히) + morari(지연시키다)"
7,demure,"maturus(성숙한) -> 프랑스어 mur(진지한) -> demourer(남다, 머물다)"
7,demystify,de(반대로) + mystère(미스테리)
7,denigrate,"de(멀리, 완전히) + nigrare(검은색, 흑인)"
7,denounce,de(경멸) + nuntiare(발표하다)
7,dense,densus (짙은)
7,deplete,de(반대로) + plere(채우다)
7,deplore ,"de(완전, 강조, 철저히) + plorare(슬퍼하다, 괴로워하다)"
7,deploy,de(반대말) + plicare(접다)
7,depravity,"de(아래로, 철저히) + pravus(삐뚤어진)"
7,deprecate,de(아래로) + precari(기도하다)
7,depreciate,de(아래로) + pretium(가격)
7,deracinate,프랑스어 dé-(제거) + racine(뿌리)
7,derelict ,de-(완전히) + relinquere(저버리다)
7,deride,deridere(조롱하다)
7,derivative,"de(아래, 멀리) + rivus(개울, 강)"
7,derogate,"de(옆으로, 멀리) + rogare(묻다, 요청하다)"
7,desecrate,"de(반대, 뒤집기) + sacer(거룩한)"
7,desiccate,"desiccate(말리다, 건조시키다)"
7,despicable   ,de(아래로) + specere(보다)
7,despondent,de(멀리) + spondere(약속하다)
7,desultory,desultor(높이 뛰기 선수) -> 성금 성금 뛰어어서 넘어가는 모습.
7,detachment,"des(반대말로) + attacher(붙이다, 부착시키다)"
7,detain,"de(멀리, 옆으로) + tenere(붙들다)"
7,deter,"de(멀리) + terrere(겁을 주다, 무섭게 하다)"
7,deteriorate,"deterior(더 나쁜, 악화된)"
7,determinative,de(완전히) + terminare(끝내다)
7,deterministic,de(완전히) + terminare(끝내다)
7,detestation,de(아래로) + testari(증언하다)
7,detract,de(멀리) + trahere(당기다)
7,detractor,de(멀리) + trahere(당기다)
7,detrimental,deterere(닳게 만들다)
7,detritus,deterere ‘닳아서 사라지다’
7,deviate,de(멀리) + via(길)
7,devious,de(멀리) + via(길)
7,devoid of,고대 프랑스어 devoider(멀리 버려진)
7,devolve,de(아래로) + volvere(회전하다)
7,dexterous,dexter(오른쪽으로)
8,dextral,dexter(오른쪽으로)
8,diametrically opposed,dia(가로질러) + metron(측정하다) -> diameter(직경)
8,diaphanous,그리스어 dia(통하여) + phainein(보여주다)
8,diatribe,"그리스어 dia(통하여) + tribein(문지르다) -> diatribē(시간 보내기, 논쟁, 담론)"
8,dichotomy,그리스어 dikho(두개로 쪼개서) + tomia
8,didactic,그리스어 didaskein(가르치다)
8,diehard,die + hard
8,differentiate,"dis(멀리) + ferre(가져오다, 가지고 다니다)"
8,diffident,dis(정반대) + fidere(신뢰하다)
8,diffuse,dis(멀리) + fundere(붓다)
8,digress,di(옆에) + gradi(걷다)
8,dilapidated,"di(분리, 멀리) + lapis, lapid(돌)"
8,dilate,di(분리) + latus(폭넓은)
8,dilatory,dilettare(즐거워하다)
8,dilettante ,dilettare(즐거워하다)
8,dilute,dilator(미루는 사람)
8,diminutive,minuere(줄이다) -> deminuere(줄이다)
8,dingy,고대 영어 dynge(똥)
8,diplomatic,"diploun(접다, 포개다) -> diplōma(포개진 종이) -> 정부 문서"
8,dire ,"dirus(두려워하는, 위협적인)"
8,disabuse,"dis(반대) + ab(멀리, 잘못해서) + uti(사용하다)"
8,disaffected,"dis(반대) + ad(~에, ~로) + facere(하다)"
8,disapprobation,dis(반대) + ad(~에게) + probare(검증하다)
8,disarming,dis(반대) + armare(무기)
8,disarray,영국의 노르만 지배시대의 불어 dissairay
8,disavow,dis(반대) + 고대 불어 avouer(인정하다) ad(~로) + vocare(부르다) -> avow
8,discern,dis(분리) + cerener(분리시키다)
8,discerning,dis(분리) + cerener(분리시키다)
8,discernment ,dis(분리) + cerener(분리시키다)
8,disciple,discere(배우다) -> discipulus(배우는 사람) -> disciple
8,disciplinary,discere(배우다) -> discipulus(배우는 사람) -> disciple
8,discipline,discere(배우다) -> discipulus(배우는 사람) -> disciple
8,disciplined,discere(배우다) -> discipulus(배우는 사람) -> disciple
8,discombobulate,"discompose, discomfit 기반으로 19세기에 생겨남"
8,discomfit,dis(반대) + con(함께) + facere(만들다)
8,discompose,dis(반대) + con(함께) + poser(두다)
8,disconcert,dis(반대) + concerter(함께 두다)
8,discordant,dis(반대) + cord(심장)
8,discourteous,dis(반대) + court(법정에 맞는 예의)
8,discredit,dis(반대) + credit(신뢰)
8,discreet,dis(분리) + cerener(분리시키다) -> discerenere의 과거분사형 
8,discrepancy,"dis(분리, 멀리) + crepare(삐걱거리다)"
8,discrete,dis(분리) + cerener(분리시키다) -> discerenere의 과거분사형 
8,discretion,dis(분리) + cerener(분리시키다) -> discerenere의 과거분사형 
8,discretionary,dis(분리) + cerener(분리시키다) -> discerenere의 과거분사형 
8,discriminatory,dis(분리) + cerener(분리시키다) -> discerenere의 과거분사형 
8,discriminating,dis(분리) + cerener(분리시키다) -> discerenere의 과거분사형 
8,discursion,discurrere(경로를 벗어나다)
8,discursive,dis(멀리) + currere(달리다)
8,disdain,de(반대) + dignari(가치 있다고 여기다)
8,disenfranchise,dis(반대) + en(변화) + franche(자유로운)
8,disengage,dis(반대) + engage en(동사화) + gage(저당) -> 저당잡히다 -> 계약을 맺다 -> 관여시키다
8,disgorge,"dis(반대로) + gorge(목구멍, 삼키다)"
8,disgruntled,dis(강조) + grunt(끙 앓는 소리 내다)
8,disillusion,"dis(반대) + illusion in(반대하여, 대항하여) + ludere(놀다) -> illudere(흉내내면서 조롱하다)"
8,disinfect,"프랑스어 dés(반대) + infecter(감염시키다) in(안으로) + facere(두다, 하다) -> infect"
8,disingenuous,"dis(반대) + ingenuous(순진한, 솔직한) in(안으로) + gignere(낳다)"
8,disintegrate,dis(반대) + integrate(합치다) in(부정어) + tangere(만지다) -> 손을 대지 않았다 -> 손상입지 않은 -> 온전한
8,disinterested,"dis(반대) + interest(이익, 관심) inter(사이에) + esse(있다) -> interesse(중요하다, 다르다) -> 공유되는 것 -> 이익 "
8,disjunction,dis(반대) + jungere(합류하다)
8,dislocate,dis(제거) + locare(두다)
8,dislodge,des(정반대) + logier(숙소를 정하다)
8,dismal,"dies(날, 하루) + mail(사악한)"
8,dismay,dis(부정) + may(조동사)
8,dismiss,dis(멀리) + mittere(보내다)
8,disparage ,프랑스어 des(반대로) + par(동등한) -> desparagier(낮은 계습의 사람과 결혼하다)
8,disparate,dis(분리) + parare(준비하다) -> disparatus(분리된)
8,dispassionate,dis(반대) + pati(고통을 겪다)
8,dispel,dis(분리해서) + pellere(몰고가다)
8,dispensable,"dis(멀리) + pendere(무게 달다) -> 달아서 덜어내다, 지출하다"
8,dispirit,"dis(제거) + spiritus(호흡, 영혼), spirare(호흡하다)"
8,displace,dis(멀리) + platea(열린 공간) -> 고대 불어 desplacer(옮기다)
8,disquiet,"dis(제거, 반대) + quiet,quiet-(휴식, 고요한)"
8,disrepute,"dis(제거, 반대) + re(강조) + putare(생각하다)"
8,disrupt,dis(분리) + rumpere(부수다)
8,dissect,dis(분리) + secare(자르다)
8,dissemble ,dis(강조) + simulare(흉내내다)
8,disseminate ,dis(넓게) + semen(씨앗)
8,dissent,"dis(분리, 다름) + sentire(느끼다)"
8,dissident,dis(분리) + sedere(앉다)
8,dissimulate,dis(강조) + simulare(흉내내다) -> dissimulat-(감추어진)
8,dissipate,"dis(분리, 넓게) + supare(던지다)"
8,dissolution,"dis(분리) + solvere(풀어주다, 풀다)"
8,dissonance,"dis(다른) + sonus(소리), sonare(소리나다)"
8,distill,"de(아래, 멀리) + stillare(물방이 떨어지다)"
8,distort ,dis(분리) + torquere(비틀다)
8,distract ,dis(분리) + trahere(당기다)
8,divergent,dis(두 갈래로) + vergere(기울다)
8,divert,di(옆으로) + vertere(돌리다)
8,divorce,di(옆으로) + vertere(돌리다) -> divortium(이혼)
8,divulge,"di(폭넓게) + vulgare(발표하다), vulgus(평민)"
8,doctrinaire,"docere(가르치다) -> doctor(선생님) -> doctrina(가르침, 학습)"
8,doctrine,"docere(가르치다) -> doctor(선생님) -> doctrina(가르침, 학습)"
8,document,docere(가르치다) 
8,dodge,unknown origin
8,dogmatic,"그리스어 dokein(좋아 보이다, 생각하다) -> dogma(의견)"
8,doldrums,dull에 tantrum 어미를 붙인 형태
8,doleful,dolere(슬퍼하다) -> 고대 프랑스어 doel(애도) + ful(가득한)
8,domineering,dominus(주인) -> dominari(지배하다) 
8,dormant,dormire(잠자다)
9,dote,"네델란드어 doten(어리석다) -> 중세 영어 dote(바보같이 행동하다, 말하다)"
9,double-edged,-
9,dour,durus(다단한)
9,douse,중세 네델란드어 dossen(때리다)
9,dovish,고대 노르웨이어 dúfa(비둘기)
9,downplay,down + play
9,drab,"고대 프랑스어 drap(옷, 천)"
9,draconian  ,Draco(아테네 입법가)
9,drain ,고대 영어 drēahnian(물을 빼다)
9,dramatize,"그리스어 dran(하다, 연기하다) -> drama(극)"
9,drawl,dralen(미루다)
9,dreary,독일어 traurig(슬픈)
9,drench,"tränken(마시다, 마시게하다)"
9,drivel,고대 영어 dreflian(침이나 코를 흘리다)
9,droll,"중세 네델란드어 drolle(요정, 도깨비)"
9,drone,"고대 영어 drān, drǣn (숫놈 벌)"
9,dubious,dubium(의심)
9,ductile ,ducere(이끌다)
9,due,"debere(빚지다) -> due(갚아야 하는) -> 갚기로 예정된 시간의 -> 어느 시기에 알맞은, 예정된, 정해진"
9,dulcet,dulcis(달콤한)
9,duplicate,duplicare 두배로 만들다
9,duplicity,duplic-(두겹의)
9,dwindle,스코틀랜드 방언 dwine(점점 줄어들다)
9,dysfunctional,"dys(나쁜, 어려운) + fungi(수행하다)"
9,ebb,고대 영어 ebba
9,ebullient,e(밖으로) + bullire(끓다)
9,eccentric ,그리스어 ek(밖으로) + kentron(중심) -> ekkentros
9,ecclesiastical ,"그리스어 ekklēsia(공동체, 교회)"
9,echelon,scala(사다리) -> 프랑스어 échelle
9,eclectic,그리스어 ek(밖으로) + legein(선택하다)
9,eclipse,그리스어 ek(밖으로) + leipein(떠나다)
9,economy,oikos(집) + nemein(관리하다)
9,ecumenical ,"그리스어 oikoumenikos(지구, 땅) -> 전체교회의"
9,edifying,"aedis(거주지, 집) + facere(만들다) -> 집을 짓다 -> 윤리적으로 강화시키다"
9,efface,ex(밖으로) + face(얼굴)
9,effect,"ex(밖으로, 철저히) + facere(하다, 만들다)"
9,effectual,"ex(밖으로, 철저하게) + facere(만들다, 하다)"
9,effervescent,"ex(밖으로, 위로) + fervescere(끓기 시작하다), fervere(끓다, 뜨겁다)"
9,effete,ex(밖으로) + fetus(기르는) -> 아이 기르다가 지친
9,efficacious,"ex(밖으로, 철저하게) + facere(만들다, 하다) + ious"
9,effluvium,effluere(흘러나오다)
9,effusive,ex(밖으로) + fundere(붓다)
9,egalitarian,aequus(동등한) -> aequalis(동등함)
9,egregious,"ex(밖으로) +  grex, gre(무리) -> 원래는 무리에서 뛰어나고 훌륭한이었음. 16세기에 뜻이 역전."
9,elaborate,ex(밖으로) + labor(일하다)
9,elastic,elasticus(추진력을 주는) -> 가스가 팽창하는 모습 -> 탄력 있는
9,elated,ex(밖으로) + ferre(짐 나르다) -> efferre(올리다) -> elat-(들어올려진)
9,elegy,[그리스어] elegos (구슬픈 시)
9,elemental ,"elementum(기본 원리, 기초, 초보)"
9,elevate ,"ex(밖으로, 멀리) + levare(가볍게하다), levis(가벼운)"
9,elicit,"e(밖으로) + lacere(유혹하다, 속이다)"
9,elliptical,그리스어 elleipein(밖으로 떠나다)
9,elongate,"e(멀리) + longe(아주 먼), longus(긴)"
9,eloquent,e(밖으로) + loqui(말하다)
9,elucidate,e(밖으로) + lucidus(명백한)
9,elude,"e(~로부터 멀리, 밖의) + ludere(놀다)"
9,elusive ,"e(밖으로, 멀리) + ludere(놀다) -> eludere(피하다)"
9,emaciated,e(상태변화) + macies(비쩍마름)
9,emanate ,e(밖으로) + manare(흐르다)
9,emancipate,e(밖으로) + mancipium(노예)
9,embed,em(안으로) + bed
9,embellish,"프랑스어 em(강조) + bel(예쁜, 잘생긴)"
9,embezzle,"고대 불어 besiller(학대하다, 유린하다)"
9,emblematic,그리스어 em(안에) + ballein(던지다) -> emblēma(삽입) -> 새겨서 만든 작품
9,embody,em(안으로) + body
9,embolden,em(동사화) + 독일어 bald(곧)
9,embrace,in(안으로) + bracchium(팔)
9,embryonic,"em(안으로) + bruein(부풀다, 자라다)"
9,emend,e(밖으로) + menda(오류)
9,empathy ,"em(안에) + pathos(느낌, 기분)"
9,empirical ,"em(동사화) + peira(시도, 실험, 경험)"
9,emulate ,aemulus(경쟁자)
9,emulsify,e(밖으로) + mulgere(우유가 되게하다)
9,enamored,en(안에) + amour(사랑)
9,encapsulate,en(안에) + capsula(상자)
9,enchant,in(안에) + cantare(노래하다)
9,encomium,en(안에) + komos(축하)
9,encompass,en(안에) + com(함께) + passus(발걸음)
9,encumber ,"en(안에) + combre(강, 댐) "
9,encyclopedic,그리스어 enkuklios paideia(전인교육)
9,endeavor,debere(빚지다) -> 프랑스어 devoir(최선을 다하다)
9,endemic,"그리스어 en(내부의) + dēmos(서민, 사람들) -> endēmios(토착의)"
9,endorse,"in(안에, 위에) + dorsum(등)"
9,endow ,"en(안에, 향하여) + 고대 프랑스어 douer(선물로 주다)"
9,enduring,in(안에) + durus(단단한)
9,enervate ,"e(밖으로) + nervus(힘줄, 힘, 정력)"
9,enfeeble,en(변화) + feble(약한)
9,enfranchise,en(변화) + franche(자유로운)
9,engaging,en(동사화) + gage(저당) -> 저당잡히다 -> 계약을 맺다 -> 관여시키다
9,engender,in(안에) + generare(낳다)
9,engross,in(안에) + grossus(큰)
9,enigmatic,그리스어 ainissesthai(비유적으로 말하다) -> ainigma(수수께끼)
9,enjoin,in(향해서) + jungere(합류하다)
9,enlighten,en(안으로) + light + en(동사화접사)
9,enmity,in(부정어) + amicus(친구) -> inimicus(적) -> 고대 프랑스어 enemi
9,ennui,mihi in odio est(내게는 역겹다) -> in odio -> 프랑스어 ennui
9,enrapture,en(동사화) + raptus(붙들린)
9,ensconce,en(안으로) + sconce(피난처)
9,ensue,in(안으로) + sequi(따르다)
9,entail,"in(안으로) + 고대 프랑스어 taille(등급, 세금)"
10,entangle,en(동사화) + 스웨덴 방언 taggla(어지럽히다)
10,enterprising,prehendere(가져가다) -> 고대불어 entreprendre(착수하다)
10,enthrall,en(강조) + thrall(노예)
10,entice,en(동사화) + titio(휏불) -> 불지르다
10,entrammel ,en(동사화) + tri-(세 개의) + macula(그물)
10,entrance,en(안으로) + trance(몰입상태) 
10,entreat,tractare(다루다) -> traitier(대접하다) -> 고대 프랑스어 entraitier
10,entrenched,"en(안으로) + truncare(자르다), 프랑스어 trenche"
10,entrepreneurial,prehendere(가져가다) -> 고대불어 entreprendre(착수하다)
10,enunciate ,e(밖으로) + nuntiare(발표하다)
10,envision,en(동사화) + visio(시야)
10,ephemeral,그리스어 ephēmeros(하루만 사는) -. ephemeron(하루살이)
10,epicenter,그리스어 epi(위의) + kentron(중심)
10,epistolary,epi(위에) + stellein(보내다)
10,epitome,"그리스어 epi(더해서) + temnein(자르다) -> epitemnein(줄이다, 요약하다)"
10,epitomize,"그리스어 epi(더해서) + temnein(자르다) -> epitemnein(줄이다, 요약하다)"
10,equable ,aequare(동등하게 만들다)
10,equanimity,aequus(동등한) + animus(마음)
10,equilibrium,"aequi(동등한) + libra(저울, 균형)"
10,equipoise,"aequi(동등한) + pensum(저울, 무게)"
10,equitable,aequus(동등한) -> aequitas
10,equity,aequus(동등한) -> aequitas
10,equivocal,aequi(동등하게) + vocare(부르다)
10,equivocate,aequi(동등하게) + vocare(부르다)
10,eradicate,"e(밖으로) + raix, radic-(뿌리)"
10,err,"errare(방황하다, 헤매다)"
10,errant,iterare(여행하다) => 고대 불어 errant(여행하는)
10,erratic,"errare(방황하다, 헤매다) -> erraticus"
10,erroneous,"errare(방황하다, 헤매다) -> erroneus"
10,ersatz,독일어 (대용물)
10,erstwhile,"erst(과거의, 옛날의) + while(시간, 기간)"
10,erudite,"erudire(가르치다, 훈련하다) -> eruditus(과거분사형)"
10,eschew ,독일어 scheuen(피하다)
10,esoteric      ,"그리스어 esō(내부에, 안에) -> esōterō(비교급)"
10,espouse,spondere(약속하다) -> sponsus(약혼자) -> 고대 프랑스어 espouser(배우자)
10,esteem,aestimare(평가하다)
10,estimable,aestimare(평가하다)
10,estrange,extraneare(이방인으로 대하다)
10,ethereal ,"그리스어 aithēr(공기, 하늘)"
10,ethos,"그리스어 ēthos(특성, 기질; 관습)"
10,etiolated,[노르망디 불어] étieuler ‘grow into haulm(동물이 파먹어서 또는 수확 후 남은 볏과 식물의 윗부분)’
10,eulogy,그리스어 elegia(만가) -> 라틴어 elogium(묘비명) -> 칭찬의 글
10,euphemism ,그리스어 eu(좋은) + phēmē(말)
10,euphonious,그리스어 eu(좋은) + phōnē(소리)
10,euphoria,그리스어 eu(좋은) + pherein(들고 다니다)
10,evade,e(밖으로) + vadere(가다)
10,evanescent,e(밖으로) + vanus(텅빈) -> evanescere
10,even-handed,"even(균형잡힌, 평평한) + hand(손으로 다룬다)"
10,even-tempered,"even(균형잡힌, 평평한) + temper(기질)"
10,evict ,"e(밖으로) + vincere(정복하다, 이기다)"
10,evidence ,e(밖으로) + videre(보다)
10,evince,"e(밖으로) + vincere(정복하다, 이기다)"
10,evoke ,e(밖으로) + vocare(부르다)
10,exacerbate,ex(유발시키는) + acerbus(신랄한)
10,exacting,ex(철저히) + agere(실행하다)
10,exaction,ex(철저히) + agere(실행하다)
10,exactitude,ex(철저히) + agere(실행하다)
10,exalt,"ex(밖으로, 위로) + altus(높은)"
10,exasperate,ex(유발시키는) + asper(거친) -> exasperare(화나게 하다)
10,exceptionable,ex(밖으로) + capere(가져가다) 
10,exceptional,ex(밖으로) + capere(가져가다) 
10,excise,ex(밖으로) + caedere(자르다)
10,excoriate,"ex(밖으로) + corium(피부, 가죽)"
10,excruciating,ex(철저한) + cruc-(십자가 형별)
10,exculpate,"ex(밖으로) + culpa(죄, 비난)"
10,execrate,ex(밖으로) + sacer(거룩한) -> exsecrat(저주받은)
10,exemplar ,ex(밖으로) + emere(가져가다) -> eximere(밖으로 가져가다)
10,exemplary,ex(밖으로) + emere(가져가다) -> eximere(밖으로 가져가다)
10,exemplify ,ex(밖으로) + emere(가져가다) -> eximere(밖으로 가져가다)
10,exempt ,ex(밖으로) + emere(가져가다) -> eximere(밖으로 가져가다)
10,exhaust,ex(밖으로) + haurire(물을 빼다) -> exhaurire(배수하다)
10,exhaustive,ex(밖으로) + haurire(물을 빼다) -> exhaurire(배수하다)
10,exhilarate ,"ex(유발시키는) + hilaris(기쁜, 들뜬)"
10,exhort,"ex(완전히, 철저히) + hortari(독려하다, 장려하다)"
10,exhume,ex(밖으로) + humus(땅)
10,exigent,"ex(철저히) + agere(실행하다) -> exigere(완성하다, 확인하다)"
10,exonerate,ex(로부터) + onus(짐)
10,exorbitant,"ex(밖으로) + orbita(궤도, 트랙)"
10,exorcise,ex(밖으로) + horkos(맹세) 
10,expansive,ex(밖으로) + pandere(펼치다)
10,expatiate,ex(밖으로) + spatiari(걸어다니다)
10,expatriate,ex(밖으로) + patria(고국)
10,expediency,"ex(밖으로) + pes, ped-(발)"
10,expedient,"ex(밖으로) + pes, ped-(발)"
10,expedite,"ex(밖으로) + pes, ped-(발)"
10,expeditious ,"ex(밖으로) + pes, ped-(발)"
10,experimental,"em(동사화) + peira(시도, 실험, 경험)"
10,expiate,ex-(밖으로) + piare(경건하다)
10,explicate,"ex(밖으로) + plicare(접다, 포개다) -> explicare(펼치다)"
10,explicit ,"ex(밖으로) + plicare(접다, 포개다) -> explicare(펼치다)"
10,exploit,"ex(밖으로) + plicare(접다, 포개다) -> explicare(펼치다)"
10,exponent,ex(밖으로) + ponere(두다)
10,exponential,ex(밖으로) + ponere(두다)
10,exposition,ex(밖으로) + ponere(두다)
10,expunge,ex(밖으로) + pungere(찌르다)
10,expurgate,"ex(밖으로) + purgare(씻다, 청소하다)"
10,exsiccate,ex(밖으로) + siccare(건조시키다)
10,extant,ex(밖으로) + stare(서 있다)
10,extemporaneous ,ex tempore(그 순간 충동으로)
10,extemporize,ex tempore(그 순간 충동으로)
11,extenuate,"ex(유발시키는) + tenuis(얇은, 묽은)"
11,extirpate,ex(밖으로) + stirps(줄기)
11,extol,"ex(밖으로, 위로) + tollere(올리다)"
11,extortionate,ex(밖으로) + torquere(비틀다)
11,extraneous,extraneus(외부의)
11,extrapolate,extra(밖으로) + interpolate(삽입하다) inter(사이에) + polar(닦다)
11,extravagant,"extra(밖으로) + vagari(헤매다, 방황하다)"
11,extricate,ex(밖으로) + tricae(당황스러움)
11,extrinsic,extrinsecus(바깥으로)
11,exuberant ,ex(강조) + uber(비옥한)
11,exude,ex(밖으로) + sudare(땀 흘리다)
11,exultant,"ex(밖으로, 위로) + salire(뛰다)"
11,fabricate,fabrica(공들여 만든 것)
11,facet,프랑스어 facette(face의 축소형) 
11,facetious,"facetus(재치있는) -> fcetia(농담, 유머)"
11,facile ,"facere(하다, 만들다) -> facilis(쉬운)"
11,facilitate ,"facere(하다, 만들다) -> facilis(쉬운)"
11,faction,"facere(하다, 만들다)"
11,factious,"facere(하다, 만들다)"
11,factual,"facere(하다, 만들다)"
11,facultative,facilis(쉬운)
11,faddish,"fiddle-faddle(사소한 것들, 헛소리)"
11,fallacious,fallere(속이다)
11,fallacy,fallere(속이다)
11,fallible,fallere(속이다)
11,fanatic,"fanum(절, 사찰) -> fanaticus(절의, 신들린)"
11,fanciful,fantasy 축약형
11,far-fetched,far+fetched 독일어 fassen(쥐다)
11,farcical,farcire(쑤셔 넣다) -> 고기 쑤셔 넣기 코미디를 비유하는 말. 
11,fashion,"facere(하다, 만들다) -> 고대 프랑스어 façon(스타일)"
11,fastidious,fastidium(혐오) 
11,fastness  ,고대 영어 fæst(단단하게 고정된)
11,fathom,독일어 Faden(6피트)
11,fatigue,fatigare(지치게 하다)
11,fatuous,fatuus(어리석은)
11,favor,favere(친절하게 대하다)
11,fawn,고대 영어 fagnian(즐겁게 해주다)
11,fealty,fides(믿음) -> fidelis(충성스러운) -> 고대 영어 fealte
11,feasible,"facere(하다, 만들다)"
11,feckless,feck(effect의 방언) + less
11,fecund,fecundus(생산성)
11,feeble,flere(울다) -> 고대 불어 fieble
11,feign,"fingere(만들다, 고안하다)"
11,feisty,고어 feist(강아지) -> 비하하는 말
11,felicity,"felix, felic(행복한)"
11,feral,ferus(야생동물)
11,ferocity,"ferox, feroc-(사나운)"
11,ferret,"furo(도둑, 흰담비)"
11,fervor  ,fervere(끓다) -> fervor
11,festering,"fistula(배관, 하수구관) 냄새나는 -> 상한 냄새 -> 오래되어서 진부한"
11,fetch,독일어 fassen(쥐다)
11,fetching,독일어 fassen(쥐다)
11,fetid,fetere(악취나다)
11,fetter,"네델란드어 veter(끈, 묶음) "
11,fiasco,이태리어 far fiasco(병을 만들다 -> 실패의 비유적 의미)
11,fickle,고대 영어 ficol(속이는)
11,fidelity ,fides(믿음) -> fidelis(충성스러운)
11,fiery,고대 영어 fȳr(불) + y
11,figurative,"fingere(만들다, 고안하다) -> figura(모양, 형태)"
11,filibuster,스페인어 filibustero(해적들의 약탈)
11,finale,finis(끝) -> finalis
11,finesse,finis(끝) -> fine
11,finicky,finis(끝) -> fine
11,fiscal,"fiscus(지갑, 보물)"
11,fissure,findere(분리시키다) -> fissura
11,fitful ,"고대 영어 fitt(갈등) ->  중세 영어 (위험한 자리, 흥분) -> 발작"
11,fixated on,figere(고정시키다)
11,flabbergasted,unknown origin
11,flabby,"flappy(느슨한, 헐렁한)의 변형"
11,flag,flag 옛날 의미 (아래로 쳐진)
11,flagrant  ,flagrant-(맹렬히 불타는) -> 뻔히 다 보이는
11,flamboyant,프랑스어 flambe(화염 flame) -> flamboyer(불타다)
11,flatter,고대 불어 flaterie(아부하다)
11,flaunt,unknown origin
11,flay,고대 영어 flēan(껍질을 벗기다)
11,fledgling,고대 영어 fledge(날 준비를 하다)
11,fleeting,"고대 영어 flēotan(떠다니다, 수영하다)"
11,flimsy,flimflam(헛소리)
11,fling,고대 노르웨이어 flengja(매를 때리다)
11,flippant,flip(손가락으로 휙뽑다) + ant
11,flit,"고대 영어 flēotan(떠다니다, 수영하다)"
11,florid,"flos, flor-(꽃)"
11,flounder,founder(배에 물이 차서 가라앉다) + blunder(실수하다)
11,flourish ,"flos, flor-(꽃)"
11,flout,네델란드어 fluiten(플룻을 불다)
11,fluid,fluere(흐르다)
11,flummery,"웨일즈어 llymrig(부드러운, 미끄러운)"
11,flummox,19세기 방언 flummox(어지럽히다)
11,fluster,"flaustra(서두르다, 부산떨다)"
11,flux  ,fluere(흐르다)
11,foe,고대 영어 fāh(적대적인)
11,foible,flere(울다) -> 고대 불어 fieble -> feeble -> foible
11,foil ,fouler(짓밟다) 
11,folly ,fol(바보) -> 고대 불어 folie(광기)
11,foment,fovere(열을 가하다) 
11,foolhardy,fol(어리석은) + hardi(대담한)
11,foot-dragging,foot(발) + drag(질질 끌다)
11,forage,fuerre(건초) -> 고대 프랑스어 fourrage
11,forbear,"for(금지, 삼가기) + bear(참다)"
11,forebear ,fore(앞에) + be(있다) + er(사람)
12,forebode,"fore(앞에) + 고대영어 bodian(선언하다, 예언하다)"
12,foreground,fore(앞쪽) + ground
12,foreordain,fore(앞에) + ordinare(순서대로 두다)
12,foreshadow,fore(앞에) + skotos(어두움)
12,forestall,fore(앞에) + 네델란드어 stal(서 있다)
12,forfeit,for(밖으로) + faire(하다)
12,forge,"fabricare(제작하다, 만들다)"
12,forgo,"for(금지, 삼가기) + go(가다)"
12,formidable,formidare(두려워하다)
12,formulaic ,"forma(형태, 모양)"
12,forsake,"for(금지, 삼가기) + sake(목적, 위함)"
12,forswear,"for(금지, 삼가기) + swear(맹세하다)"
12,forthcoming,"forth(앞으로, 계속) + coming"
12,fortuitous,"for(행운, 우연) -> forte(우연히)"
12,forward,"forth(앞으로, 계속) + ward(향하여)"
12,foster,"고대 영어 fōster(음식, 영양) -> fōstrian(먹이다, 양분을 주다) "
12,foul,"putere(냄새나다) -> 독일어 faul(썩은, 게으른)"
12,founder ,fundus(바닥)
12,fractious,frangere 부수다
12,fragmentary,frangere 부수다
12,frail,frangere 부수다 -> fragili
12,frantic,"그리스어 phrenitis(망상, 헛소리) -> 고대 프랑스어 frenetique"
12,fraternize ,frater(형제) -> fraternus(형제의)
12,fraudulent,"fraus, fraud-(속임, 손상)"
12,fraught,중세 네델란드어 vrachent(짐 싣다)
12,free-for-all,-
12,frenetic  ,"그리스어 phrenitis(망상, 헛소리) -> 고대 프랑스어 frenetique"
12,frenzy,그리스어 phrēn(마음) -> 라틴어 phrenesia
12,fretful,"for(금지, 삼가기) + eat(먹다) + fun"
12,friable,friare(바스러지다)
12,friction,fricare(문지르다)
12,fringe benefit,-
12,frivolous,"frivolus(어리석은, 사소한)"
12,from the get-go,-
12,froward,"고대 노르웨이어 frá(향하여, 로부터) + ward"
12,fruition,frui(즐기다)
12,full-fledged,고대 영어 fledge(날 준비를 하다)
12,fulmination,"fulment, fulmin-(번개)"
12,fulsome,full(가득한) + some(특징인)
12,fumble,독일 북부 방언 fommeln(더듬다)
12,fungible,"fungi(수행하다, 즐기다)"
12,furtive,furtivus(훔친)
12,fussy,unknown origin
12,fustian,"카이로의 외각 도시 Fostat에서 만든 천에서 나온 말. 이 천이 주로 베개나 쿠션 커버로 이용되었는데, 없어도 되는 것을 한 겹 더 씌웠다는 의미에서 ‘과장된’"
12,fusty,"fust(나무로 된 통, 나무의 몸통)"
12,futile,"fundere(붓다) -> futilis(물이 새는, 소용 없는)"
12,gaffe,프랑스어 (장대) -> 실수
12,gainsay,agaisnt + say
12,gall,그리스어 kholē(담즙) -> 독일어 Galle(담즙)
12,gallant,"고대 프랑스어 galant(쇼를 하는, 즐기는)"
12,gallimaufry,고대 불어 galer(즐기다) + Picard mafrer(실컷 많이 먹다)
12,galvanize,"Luigi Galvani, 전기 자극으로 해부된 개구리 다리를 움직이게 한 실험으로 유명."
12,garble,cribrum(채) -> cribellare(채로 거르다)
12,gargantuan,"Gargantua(게걸스럽게 먹는 거인의 이름, Rabelais의 책에 나옴) -> gargantua 거인"
12,garish,unknown origin
12,garner,granum(곡물)
12,garnish,"고대 프랑스어 garnir(갖추다, 무장하다)"
12,garrulous,garrire(잡담하다)
12,gauche,"이태리어 (왼쪽, 왼손)"
12,gaudy,guadere(즐거워하다) -> gaud(묵주 장식용 구슬)
12,gawky,고어 gaw(응시하다) ->  바보같이 대놓고 응시하다
12,generic,"genus, gener-(가축, 종)"
12,genial,genius(수호신)
12,genteel,프랑스어 gentil(부잣집에서 태어난)
12,genteelism,프랑스어 gentil(부잣집에서 태어난)
12,germane,germanus(아버지가 같은) -> german
12,gibberish,의성어
12,gibe,고대 프랑스어 giber(거칠게 다루다)
12,glacial,glacies(얼음)
12,glaring,독일 북부 방언 glaren(빛나다)
12,glean,glennare(모으다)
12,glee,"고대 영어 glēo(오락, 음악, 즐거움)"
12,glib  ,네델란드어 (잘 빠져나가는)
12,glimmer,스웨덴어 glimra(빛나다)
12,gloat ,독일어 Geiss(염소)
12,gloss ,unknown origin
12,glowing,독일어 glühen 빛나다
12,glut,glittere(삼키다)
12,glutton,gula(목구멍) -> glittere(삼키다) -> gluttus(탐욕스런) 
12,goad,고대 영어 gād
12,gorge,고대 프랑스어 gorge(목구멍)
12,gossamer,"goose + summer. St Martin’s summer 기간에 거위고기를 먹는데, 하늘에 거미줄이 많이 생기는 것에서 유래."
12,gouge,고대 아일랜드어 gulba(새의 부리)
12,gourmand,unknown origin
12,graft,그리스어 graphion(필기구) -> 필기구 모양의 짧은 가지를 접붙이다
12,grandiloquent,"grandis(큰, 거대한) + loqui(말하다)"
12,grandiose,grande(거대한)
12,grandstand,grand(거대한) + stand
12,graphic,"그리스어 graphē(쓰기, 그리기) -> graphikos"
12,gratify,"gratus(즐거움을 주는, 감사하는)"
12,grating ,독일어 krazten(긁다)
12,gratuitous,"gratuitus(공짜로 준, 자발적인)"
12,grave,"gravis(무거운, 진지한)"
12,gravelly  ,gravel(자갈) + ly
12,gravitas,"gravis(심각한, 진지한)"
12,gregarious ,"grex, greg-(무리, 떼)"
12,gridlock,gridiron(석쇠) -> grid(격자무늬) + lock
12,grievous,"gravis(무거운, 진지한) -> 프랑스어 grever(짐 들게 하다)"
12,grill,프랑스어 giller -> 그릴에 달달볶듯이 사람을 달달볶다
12,grim,"독일어 grimm(엄격한, 단호한, 무시무시한)"
13,grimace,스페인어 grima(두려움)
13,gripe,독일어 greifen(움켜쥐다)
13,gripping,독일어 greifen(움켜쥐다) 
13,gritty,"고대 영어 grēot(모래, 자갈)"
13,grouch,"고대 불어 grouchier(투덜거리다, 중얼거리다)"
13,groundless   ,독일어 Grund + less
13,groveling,고대 노르웨이어 á grúfu(얼굴을 아래로 향하고) -> grovel(기다)
13,grudge,"고대 영어 grutch(불평하다, 중엉거리다)"
13,grueling ,고대 영어 gruel(처벌)
13,gruesome,스코틀랜드어 grue(두려워 떨다) + some(특징의)
13,gruff,"네델란드어 grof(거친, 무례한)"
13,grumble,네델란드어 grommen(투덜거리다)
13,guarded,"고대 프랑스어 garde(보호, 관리) + ed"
13,guile,"고대 노르웨이어 (솜씨, 기교) "
13,guileless,guile + less
13,gull,unknown origin
13,gullible ,unknown origin
13,gust,고대 노르웨이어 gjósa(강풍이 불다)
13,guzzle,geusiae(볼 cheeks)
13,hackneyed ,hackney(말을 전시가 아닌 일상 생활에서 사용하다)
13,haggle,"고대 노르웨이어 hǫggva(자르다, 깎다) -> 망가뜨리다 -> 논쟁하다"
13,hagiography,그리스어 hagios 거룩
13,hail,중세 영어 hail(건강한)
13,halcyon,그리스어 hals(바다) + kuōn(임신하다) -> halkuōn(신화 속의 새)  동지에 바다 위에 둥지를 만들고 알을 낳는 새. 폭풍우가 오면 바다를 잠잠하게 만든다는 신화.
13,halfhearted,half + hearted
13,hallmark,Goldsmiths’ Hall in London(금세공업자들에게 인증마크를 발급하는 곳)
13,hallow,독일어 heiligen(거룩히 여기다)
13,hallucination,그리스어 alussein(불안해하다)
13,halo,그리스어 halōs (태양과 달의 빛원반)
13,ham-handed,ham + handed 20세기초
13,hamper,독일어 hemmen(억제하다)
13,hamstring,ham + string 16세기
13,hankering,hang(매달다) -> 마음이 계속 거리 달려 있다
13,haphazard,hap(행운) + hazard(위험)
13,hapless,hap(행운) + less
13,happenstance,happen + circumstance
13,harangue,독일어 harenga(장광설)
13,harbinger,네델란드어 herberge(군대를 위한 피난처) -> 피난처를 제공하는 사람 -> 피난처를 찾으러 간 선발대
13,harbor,네델란드어 herberge(군대를 위한 피난처)
13,hard-boiled,hard + boiled (계란을 푹 삶았다)
13,hard-nosed,"hard + nosed (단단한 껍데기를 가진 총알, 냄새를 못 맡는 강아지)"
13,hardheaded,머리가 단단하게 굳어서 남의 말에 휩쓸리지 않는 -> 감상적이지 않은 -> 냉정하게 현실적인
13,hard-pressed,-
13,hardy ,고대 불어 harder(용기를 내다)
13,harrow,"네델란드어 hark(난봉꾼, 갈퀴)"
13,hasten,고대 불어 haste(서두르는)
13,hasty,고대 불어 haste(서두르는)
13,haughty,altus(높은)
13,haunt,고대 불어 hanter(자주 들르다)
13,hauteur,프랑스어 haut(높은)
13,haven,독일어 Hafen(항구)
13,havoc,고대 프랑스어 havot(파괴)
13,headlong,head + long
13,headstrong,head + strong
13,heart-rending,heart + rend(찢다)
13,hearten,라인터 cord -> 독일어 Herz
13,heavy-handed,heavy + handed
13,heckle,중세 영어 (아마씨를 훑는 빗)
13,hedge,독일어 Hecke(울타리)
13,hedonism,그리스어 hēdonē(즐거움) + ism
13,heinous,고대 프랑스어 haineus(미워하다)
13,heirloom,heres(상속자) + loom(도구)
13,helter-skelter,중세 영어 skelte(서두르다) -> rhyme으로 단어를 만들었음.
13,herald,고대 불어 herault(알리다)
13,herbivore,"herb(풀잎, 식물) + vorus(게걸스럽게 먹다)"
13,heretic,"그리스어 hiireomai(선택하다) -> hairesis(선택, 이단적인 파벌)"
13,heretofore,here + to(~까지) + fore(이전에)
13,hermetic,Hermes(연금술과 점성술을 만든 신)
13,heroic ,그리스어 hērōs(영웅)
13,heterodox,그리스어 heteros(다른) + doxa(의견)
13,heterogeneous,그리스어 heteros(다른) + genos(종류)
13,hew to,"독일어 hauen(치다, 베다, 자르다) + to"
13,heyday,"기쁨의 감탄사, 16세기."
13,hidebound,"hide(가죽) + bound(두르고 있는) -> 살이 없이 가죽만 두르고 있는, 피골이 상접한"
13,hierarchy,그리스어 hieros(거룩한) + arkhēs(지도자)
13,hieroglyph,그리스어 hieros(거룩한) + gluphē(새기는)
13,hinge upon,중세 영어 henge(매달다) -> 경첩(문이 달려서 좌우로 움직이게 하는 것)
13,hiss,의성어
13,histrionic,historio(배우) 
13,hitch,unknown origin
13,hitherto ,hither(여기) + to(~로)
13,hoard,독일어 horten(쌓아 두다)
13,hoarse,독일어 hees(소리가 거친)
13,hoary,"독일어 hehr(웅장한, 고상한)"
13,hoax,hocus(속이다)의 줄임말
13,hobble,독일어 hobbelen(좌우로 흔들다)
13,hodgepodge ,고대 불어 hocher(흔들다) + pot(항아리) -> hotchpotch(여러가지를 넣은 양고기 수프) -> hodgepodge
13,hoist,독일 북부 방언 hiesen(들어올리다)
13,hollow  ,고대 영어 holh(동굴)
13,homage,homin-(사람) 배를 주인(사람)의 이름을 따라 명명하다 -> hominaticum 
13,homily,"homilos(군중) -> homilia(담론, 대화)"
13,homogeneous,homos(같은) + genos(종류)
13,hone,고대 영어 hān(돌)
13,hortative,hortari(강권하다)
13,hospitable,hospitare(즐거움을 주다) -> 프랑스어 hospiter(손님을 대접하다)
13,hubris,"그리스 비극(파국 nemesis에 이르게 하는 인간의 신에 대한 저항, 지나친 자만심)"
13,huddle,16세기 북부 독일 방언
13,hue,"고대 영어 hēow(형태, 모양)"
13,humble,"humus(땅) -> humilis(낮은, 낮게)"
13,humdrum,hum(낮게 소리내며 노래하다)
14,humiliate,"humus(땅) -> humilis(낮은, 낮게)"
14,humility,"humus(땅) -> humilis(낮은, 낮게)"
14,hunch,unknown origin
14,husband,"고대 노르웨이어 hús(집) + bóndi(주인, 농부)"
14,hybrid,hybrida(노예와 자유인 사이에 태어난 아이)
14,hyperbole,그리스어 huper(위로) + ballein(던지다) -> hyperbolē(쌍곡선)
14,hypnotic,그리스어 hypnos(잠)
14,hypocritical,"hupo(아래로) + krinein(판단하다) -> hupokrinestai(연기를 하다, 인척하다)"
14,hypostatize,고대 그리스어 hupostatízō(실체화하다)
14,hypothetical,hupo(아래로) + tithenai(두다)
14,iconoclastic,eikōn(유사함->우상) + klan(부수다)
14,idiocy,"그리스어 idiōtēs(평민, 무식한 사람)"
14,idiosyncrasy,그리스어 idio(자신의) + sun(함께) + krasis(혼합) -> 개인에게 고유한 것
14,idle,"eitel(벌거벗은, 가치없는)"
14,idolatrous,그리스어 eidōlon(우상) + -latrēs(숭배자) + ous
14,idyllic,"그리스어 eidos(형상, 그림) -> idyllium(행복한, 평화로운, 그런 장면)"
14,ignominy,in(아니다) + nomen(이름)
14,illegible,in(부정어) + legere(읽다)
14,illicit,in(부정어) + licitus(합법적인)
14,illiteracy,in(부정어) + littera(글자)
14,illuminate,in(위에) + lumen(빛)
14,illustrate,in(위에) + lustrare(빛을 비추다)
14,illustrious,"in(위에) + lustrare(빛을 비추다) -> illustris(명확한, 밝은)"
14,imbue,imbuere(적시다)
14,immaterial,in(부정어) + materialis(물질의)
14,immeasurable,in(부정어) + metiri(측정하다)
14,immediate,in(부정어) + mediatus(중재하는)
14,immemorial,in(부정어) + memorialis(기억의)
14,immerse ,in(안으로) + mergere(담그다)
14,imminent,"in(위로, 향해서) + minere(돌출하다) -> imminere(매달려 있는) -> 임박한"
14,immolate,"immolare, in(위에) + mola(식사) 제사를 위해서 동물을 희생하고 그것을 나눠 먹는 것에서 유래"
14,immortalize,in(부정어) + mortalis(죽을 운명의)
14,immune,in(부정어) + munis(군역을 이행할 준비가 된)
14,immure,in(안의) + murus(벽)
14,immutable ,in(부정어) + mutare(바뀌다)
14,impair,"im(상태변화, 강조) + pejor(더 나쁜)"
14,impart,impartier(부분을 공유하다)
14,impartial,in(부정어) + part(부분)
14,impassionate,"im(상태변화, 강조) + passio(강한 감정)"
14,impassioned,이태리어 im(강조) + passione(열정)
14,impassive,im(부정어) + passio(강한 감정)
14,impeachable    ,"in(안으로) + pedica(족쇄) -> impedicare(잡다, 속박하다) "
14,impeccable,in(부정어) + peccare(죄 짓다)
14,impecunious,in(부정어) + pecunia(돈)
14,impede,in(안으로) + pedica(족쇄) -> impedire(족쇄를 채우다) 
14,impel,in(향하여) + pellere(몰고가다)
14,impending,"in(향하여, 위에) + pendere(매달다)"
14,impenetrable,im(부정어) + pneitus(안으로)
14,imperative,in(향하여) + parare(준비시키다)
14,imperceptible,im(부정어) + per(완전히) + capere(가져가다)
14,imperil,im(동사화) + peril(위험)
14,imperious,imperare(명령하다)
14,impermeable,"im(부정어) + per(통과하여) + meare(지나가다, 가다)"
14,impertinent,in(부정어) + pertinere(관련 있다)
14,imperturbable,in(부정어) + per(완전히) + turbare(방해하다)
14,impervious,in(부정어) + per(통과하여) + vius(길)
14,impetuous ,impetere(공격하다)
14,impinge,in(안으로) + pangere(몰다)
14,implacable,in(부정어) + placare(달래다)
14,implant  ,in(안으로) + plantare(심다)
14,implausible,im(부정어) + plaudere(박수갈채를 보내다)
14,implement,in(안으로) + plere(채우다)
14,implicate,in(안을) + plicare(포개다)
14,implicit,in(안으로) + plicare(포개다)
14,implore,implorare 눈물로 호소하다
14,import,in(안으로) + portare(가져오다)
14,importunate,in(부정어) + portus(항구) -> importunus(불편한) 
14,impose,in(안에) + ponere(두다)
14,imposing,in(안에) + ponere(두다)
14,impostor,in(안에) + ponere(두다)
14,impregnable,"in(부정어) + prehendere(붙잡다, 갖겨가다)"
14,impressionable,imprimere(안으로 누르다)
14,impromptu,in promptu(in readiness)
14,improvident,im(부정어) + pro(미래) + videre(보다)
14,improvise,im(부정어) + pro(미래) + videre(보다)
14,imprudent ,im(부정어) + pro(미래) + videre(보다)
14,impudent,in(부정어) + pudere(부끄러워하다)
14,impugn,in(향하여) + pugnare(싸우다)
14,impunity,in(부정어) + poena(형벌) or punire(벌하다)
14,impute,"in(안으로, 향해서) + putare(생각하다, 계산하다)"
14,inadequate,in(부정어) + ad(~에) + aequus(동등한)
14,inadvertent,in(부정어) + ad(~로) + vertere(돌리다)
14,inadvisable,in(부정어) + ad(~로) + videre(보다)
14,inalienable,in(부정어) + alius(other) -> alienus(다른 사람의) 
14,inane,inanis(텅빈)
14,inanimate,"in(부정어) + anima(영혼, 생명)"
14,inaugurate,in(안으로) + augurare(전조가 되다)
14,incarcerate,in(안으로) + carcer(감옥) -> incarcerare
14,incendiary,in(안으로) + candere(빛나다) -> incendere(불 지르다)
14,incense,in(안으로) + candere(빛나다) -> incendere(불 지르다)
14,incentive,in(강조) + cantare(노래하다) -> incantare(마술을 걸다) -> 동기를 부여하는 것
14,incessant,in(부정어) + cessare(멈추다)
14,inchoate,incohare(시작하다)
14,incinerate,"in(안으로, 향하여) + cinis(재)"
14,incipient,"in(안으로, 향하여) + capere(가져가다) -> incipient(시작하는)"
14,incisive,in(안으로) + caedere(자르다)
14,incite,in(향하여) + citare(자극하다)
14,inclement ,in(부정어) + clement(자비로운)
14,incoherent ,in(부정어) + co(함께) + haerere(붙어 있다)
14,incongruous,in(부정어) + congruus(일치하는)
15,inconsequential,"in(부정어) + con(함께, 가까이) + seuqi(따르다)"
15,inconsonant,in(부정어) + con(함께) + sonare(소리나다)
15,incontrovertible,in(부정어) + contro(반대하여) + vertere(돌리다)
15,incorporate,in(안으로) + corporare(몸을 이루다)
15,incorrigible ,in(부정어) + corrigere(수정하다)
15,increment,in(안으로) + crescere(성장하다)
15,incriminate,"in(안으로, 향하여) + crimen(범죄)"
15,inculpate,"in(위에, 향하여) + culpare(비난하다)"
15,incumbent,in(위에) + cubare(있다)
15,incursion,in(안으로) + currere(달려가다)
15,indecorous,in(부정어) + decorous(예의 있는)
15,indefatigable,"in(부정어) + de(멀리, 완전히) + fatigare(지치다)"
15,indefeasible  ,in(부정어) + disfacere(취소하다)
15,indelible,in(부정어) + delere(지우다)
15,indenture,in(안으로) + dens(이빨) -> 지그재그 모양을 만들어 주다 -> 계약의 표시
15,indict,"in(향하여) + dicere(말하다, 발음하다)"
15,indictment,"in(향해서) + dicere(말하다, 발표하다)"
15,indigenous,indi(안으로) + gignere(낳다) -> indigena(토착인)
15,indigent,indi(안으로) + egere(필요하다)
15,indignation,indignari(가치 없다고 여기다)
15,indiscriminate,in(부정어) + dis(분리) + cernere(분리하다)
15,indispensable,in(부정어) + dis(분리) + pendere(무게를 달다)
15,indolent,"in(부정어) + dolere(고통을 겪다, 고통을 주다)"
15,indomitable,in(부정어) + domitare(길들이다)
15,inductive,in(안으로) + ducere(이끌다)
15,indulge,indulgere(고삐를 풀어 주다)
15,indulgent,indulgere(고삐를 풀어 주다)
15,ineffable,in(부정어) + effari(말하다)
15,ineluctable,in(부정어) + elicitari(빠져 나가려 애쓰다)
15,inept,in(부정어) + aptus(능력있는)
15,inequity,in(부정어) + aequus(동등한)
15,inert,"in(부정어) + art(기술, 솜씨)"
15,inexhaustible,in(부정어) + ex(밖으로) + haurire(물을 빼다)
15,inexorable,"in(부정어) + exorare(간청하다, 애원하다)"
15,inexpedient,"ex(밖으로) + pes, ped-(발)"
15,inexplicable,"in(부정어) + ex(밖으로) + plicare(접다, 포개다)"
15,infallibility,in(부정어) + fallere(속이다)
15,infatuated,in(안으로) + fatuus(어리석은)
15,infiltrate,in(안으로) + filtrum(필터)
15,infinitesimal,in(부정어) + finitus(한계) + simal(형용사형)
15,infirm,in(부정어) + firmus(튼튼한)
15,inflammatory,in(안으로) + flamma(화염)
15,inflate,in(안으로) + flare(불다)
15,inform,in(안으로) + form(형태)
15,infraction,"in(안으로) + frangere(어기다, 부수다) -> infringere(위반하다)"
15,infrangible,"in(부정어) + frangere(어기다, 부수다)"
15,infuriate  ,in(안으로) + furia(분노)
15,infuse,in(안으로) + fundere(붓다)
15,ingenious,"ingenium(마음, 지능)"
15,ingenuous   ,in(안으로) + gignere(낳다)
15,ingrained,in(안으로) + grain(붉은 염료)
15,ingratiate (oneself with),in graitum(into favor 호의를 얻은)
15,inhibit,in(안에) + habere(붙들다)
15,inhibited,in(안에) + habere(붙들다)
15,inimical,in(부정어) + amicus(친구) -> inimicus(적)
15,iniquity,in(부정어) + aequus(동등한)
15,inkling,unknown origin
15,innate ,in(안으로) + nasci(태어나다)
15,innocuous,in(부정어) + nocuus(상처를 주는)
15,innuendo,in(향하여) + nuere(고개를 끄덕이다)
15,inopportune,in(부정어) + ob(방향으로) + portus(항구)
15,inordinate,in(부정어) + ordinatus(정돈된)
15,inquisitive,"in(향하여) + quaerere(찾다, 묻다)"
15,insatiable,"in(부정어) + satiare(가득 채우다, 만족시키다)"
15,inscrutable,in(부정어) + scrutari(찾다)
15,insentient,in(부정어) + sentient(느끼는)
15,insidious,in(위에) + sedere(앉다)
15,insinuate,in(안에) + sinuare(휘어지다)
15,insipid,in(부정어) + sapidus(맛 있다)
15,insolent,in(부정어) + solent(익숙한)
15,insouciant,프랑스어 in(부정어) + souciant(걱정하는)
15,inspired,in(안으로) + spirare(호흡을 불어넣다)
15,instable,in(부정어) + stare(서 있다)
15,instantiate,in(위에) + stare(서 있다)
15,instigate,"in(향해서) + stigare(찌르다, 자극하다)"
15,instill,in(안으로) + stillare(떨어뜨리다)
15,insubstantial,"in(부정어) + sub(아래, 낮은) + tare(서 있다)"
15,insular,insula(섬)
15,insulate,insula(섬)
15,insurgent,"in(향해서, 안으로) + surgere(일어나다, 오르다)"
15,intact,in(부정어) + tangere(만지다)
15,intangible ,in(부정어) + tangere(만지다)
15,integral,in(부정어) + tangere(만지다)
15,integrate,in(부정어) + tangere(만지다)
15,integrity,in(부정어) + tangere(만지다)
15,intelligible,inter(사이에) + legere(선택하다)
15,intemperate,in(부정어) + temperare(억제된)
15,intensify,"in(향해서) + tendere(당기다) + facere(만들다, 하다)"
15,intercede,inter(사이에) + cedere(가다)
15,interdict,inter(사이에) + dicere(말하다)
15,interdisciplinary,"inter(사이에) + disciplina(지식), discere(배우다)"
15,interim,interim(그 와중에)
15,interminable,"in(부정어) + terminat(제한된), terminare(제한하다, 끝내다)"
15,interloper,inter(사이에) + loper(떠돌이 의미의 landloper에서 어미 응용)
15,interpose,inter(사이에) + ponere(두다)
15,interrogate,"ab(~로부터 멀리) + rogare(묻다, 요구하다)"
15,intertwine,네델란드어 twijn(둘)
15,intimate,intimare(익숙하게 만들다)
15,intimidate,"in(향해서) + timidus(소심한, 겁먹은)"
15,intractable,"in(부정어) + tractare(다루다), trahere(당기다)"
16,intransigent,"in(부정어) + transigere(타협하다, 서로 이해하다)"
16,intrepid,"in(부정어) + trepidus(놀란, 겁먹은)"
16,intricate,"in(안으로) + tricae(속임수, 당황스러움)"
16,intriguing,"in(안으로) + tricae(속임수, 당황스러움)"
16,intrinsic,intrinsecus(안으로)
16,introspection,intro(안으로) + spicere(보다)
16,introverted,intro(안으로) + vertere(돌리다)
16,intrusive,"in(안으로) + trudere(밀다, 밀치다)"
16,inundate,"in(안으로, 위에) + undare(흐르다), unda(파도)"
16,inured,en(안으로) + euvre(작품)
16,invalidate,in(부정어) + validus(강한)
16,invective,"in(안으로) + vehere(가져 가다) 
-> invectivus 공격하는"
16,inveigh,"in(안으로) + vehere(가져 가다) 
-> invectivus 공격하는"
16,inveigle,고대 프랑스어 aveugler(눈멀게 하다)
16,inversely,in(안으로) + vertere(돌리다)
16,invest,"in- (안으로, ~에게) + vestire(입히다)"
16,inveterate,in(강조) + veter(오래된)
16,invidious,in(안으로) + videre(보다)
16,invigorate,in(향해서) + vigorare(강하게 만들다)
16,invincible,"in(부정어) + vincere(극복하다, 이기다)"
16,inviolate,"in(부정어) + violare(훼손하다, 범하다)"
16,invoke,in(위로 upon) + vocare(부르다 call)
16,invulnerable,in(부정어) + vulnerare(상처입히다)
16,irascible ,ira(분노) -> irasci(화내다)
16,irenic,그리스어 eirēnē 평화
16,irk ,고대 노르웨이어 yrkja(일하다)
16,irreconcilable ,in(부정어) + re(다시) + con(함께) + calare(호출하다)
16,irregular,"in(부정어) + regula(자, 규칙)"
16,irrelevant,"in(부정어) + relevare(들어올리다) -> 스코틀랜드 법률용어 ""법적으로 합당하다"""
16,irreparable,in(부정어) + reparabilis(수리할 수 있는)
16,irreproachable,in(부정어) + 고대 프랑스어 reprochier(다시 가까이 데려오다)
16,irresolution,in(부정어) + re(강조) + solvere(풀다)
16,irreverent,in(부정어) + re(강조) + verei(두려워하다)
16,irrevocable,in(부정어) + re(뒤로) + vocare(부르다)
16,issue,ex(밖으로) + ire(가다) 
16,jaded,"jade(평판 나쁘고 성질 안좋은 여성, 힘빠진 말)"
16,jargon,고대 프랑스어 jargoun(헛소리)
16,jarring,의성어
16,jaundice,jaune(노란색)
16,jeer,unknown origin
16,jejune,"jejunus(금식하는, 메마른, 불모의)"
16,jest,gerere(하다)
16,jettison,jacere(던지다)
16,jibe,고대 프랑스어 giber(거칠게 다루다) -> gibe 모욕적인 말
16,jittery,unknown origin
16,jocular ,jocus(농담)
16,jovial,Jovis(제우스) ->Jove
16,jubilant,jubilare(기뻐 외치다)
16,judicious,jus(법) + dicere(말하다)
16,juggernaut,흰두교 파괴의 신 Juggernaut
16,jumble,16세기에 출현
16,juxtaposition,juxta(옆에) + poser(두다)
16,keen,"독일어 kühn(대담한, 용감한)"
16,keep ~ at bay,unknown origin
16,kindle,"고대 노르웨이어 kindil(촛불, 횃불)"
16,kindred,"kin(친척 genus 종, 이종) + red(고대영어 rǣden 상태)"
16,kinfolk,"kin(친척 genus 종, 이종) + folk(독일어 Volk)"
16,knotty,중세 영어
16,kudos,그리스어
16,labyrinthine,labyrinthus (Deadalus가 괴물 Minotaur를 가두기 위해 만든 미로)
16,lacerate ,"lacerare(난도질하다, 찢다)"
16,lachrymose,lacrima(눈물)
16,lackluster,lack(중세 네델란드어 laken 부족하다) + luster(lustare 빛나다)
16,laconic ,"그리스어 Lakōn 'Laconia, Sparta'"
16,lag,노르웨이 방언 lagga(느리게 가다)
16,laic ,"그리스어 laos, laïkos(민중, 서민)"
16,laissez faire,"프랑스어 ""allow to do"""
16,lambaste,lam(때리다) + baste(때리다)
16,lament,lamentari (울고 있는)
16,lampoon,lampons(술을 마시자! 노래 후렴구)
16,landslide,land + slide
16,languid,laxus(느스한) -> languere(시들해지다)
16,languish,laxus(느스한) -> languere(시들해지다)
16,languor ,laxus(느스한) -> languere(시들해지다)
16,lapse,"labi(미끌어지다, 떨어지다)"
16,largesse,largus(많은 양의)
16,lascivious,"lascivus(음탕한, 욕정이 강한)"
16,lassitude,lassus(지친)
16,latent,latere(숨기다)
16,latitude,latus(폭넓은)
16,laud,"laus, laud-(칭송하다)"
16,lavish,"고대 프랑스어 lavasse(억수같이 내리는 비, 홍수)"
16,lax,laxus(느스한)
16,layperson,"그리스어 laos, laïkos(민중, 서민)"
16,leaning,inclinare(기울다) -> 독일어 lehnen
16,learned,중세 영어 learn(가르치다)
16,leaven,levare (들어 올리다)
16,leeway,"lee(바람이나 날씨의 영향을 받지 않는 안전한 곳), 고대영어 hlēo(피난처, 안전한 곳)"
16,legerdemain,프랑스어 léger de main(솜씨 좋은)
16,legendary,legere(읽다) -> legenda(읽을 것들)
16,legible,legere(읽다)
16,legitimacy,"lex, leg-(법), legitimus(합법적인)"
16,lenient,"lenis(부드러운, 친절한)"
16,letdown,let + down
16,lethargy,그리스어 lēthe(망각) -> lēthargos(망각한)
16,lettered,"litera, littera(알파벳 글자, 편지, 문학, 문화)"
16,level,libra(천칭 저울)
16,level-headed,level + head
16,levity,levis(가벼운)
16,liable,ligare(묶다)
17,liability,ligare(묶다)
17,libel,"liber(책), libellus(문서)"
17,liberality ,"liber(풀어주다, 자유롭게 하다)"
17,liberalize,"liber(풀어주다, 자유롭게 하다)"
17,libertine,"liber(풀어주다, 자유롭게 하다), libertinus(자유를 얻은 노예)"
17,license,"licere(합법적이다), licentia(자유, 음탕함)"
17,licentious,"licere(합법적이다), licentia(자유, 음탕함)"
17,lighthearted,light(독일어 leicht 가벼운) + heart
17,liken,고대 노르웨이어 líkr(비슷한)
17,limp,중세영어 limphalt(절뚝거리는)
17,limpid ,"lympha, limpa(물)"
17,linger,독일어 längen(길게 늘이다)
17,lionize,leo(사자) -> lion(영향력있고 유명한 사람)
17,list,unknown origin
17,lithe,"독일어 lind(부드러운, 친절한)"
17,loath,독일어 Leid(슬픔)
17,loathe,독일어 Leid(슬픔)
17,loathsome,독일어 Leid(슬픔)
17,locus,locus(장소)
17,lofty,"독일어 Luft(공기, 공중)"
17,longwinded,"고대 영어 windan(빠르게 가다, 얽히다)"
17,longevity,longus(긴) + aevum(나이)
17,lopsided,lop(늘어진) + side + ed
17,loquacious,"loquax, loquac-(말)"
17,lubricate,lubricus(미끄러운)
17,lucid,"lux, luc-(빛), lucere(빛나다)"
17,lucrative,"lucre, lucrum(불노소득)"
17,lucubration,lucubrare(램드 불빛에서 일하다)
17,ludicrous,"ludicrum(무대에서 하는 재미있는 행동, 말)"
17,lugubrious,"lugere(흐느껴 울다, 애도하다)"
17,lukewarm,"중세 영어 luke, 방언 lew(미지근한), leed와 연관"
17,lull ,lallare(자장가를 불러서 재우다)
17,luminary ,"lumen, lumin-(빛)"
17,luminous,"lumen, lumin-(빛)"
17,lure,독일어 Luder(미끼)
17,lurk ,영국 속어 '사기치는 방법'
17,luxuriant  ,"luxuria(사치스러움, 풍성함)"
17,luxurious ,"luxuria(사치스러움, 풍성함)"
17,lyrical,그리스어 lyricos(악기 이름)
17,machination,machinari(고안하다)
17,maculate,"macula(반점, 점)"
17,madcap ,mad(미친) + cap(머리)
17,maelstrom,노르웨이어 maalen(빙빙돌기) + stroom(물줄기)
17,magnanimity,"magnus(큰) + animus(마음, 영혼)"
17,magniloquent,magnus(큰) + loquus(말하는)
17,majestic,"magnus(큰) -> 프랑스어 majeur, majeste"
17,makeshift,make + shift
17,maladroit,"mal(부정어) + French à droit(according to right, properly)"
17,malady,"male(아픈, 나쁜) + habitus(소유, 능력, 습관)"
17,malaise,"mal(나쁜) + aise(편안함, 쉬움)"
17,malefaction,male(악한) + facere(하다)
17,malevolent,"male (아픈, 나쁜) + volent-(소망하는)"
17,malfeasance,mal(사악한) + Old French faisance(활동)
17,malicious,malus(나쁜)
17,malign,malus(나쁜) -> malignus(악해지는)
17,malinger,mal(거짓으로) + haingre(약한)
17,malleable ,malleus(해머)
17,malodorous,"mal(나쁜) + 프랑스어 odor(냄새, 향기)"
17,manacle,manus(손)
17,mandate,manus(손) + dare(주다)
17,maneuver,manus(손) + operari(일하다)
17,manifest,manifestare(발표하다)
17,manipulate,manipulus(한웅큼)
17,mannered,manuarius(손의)
17,manumit,manus(손) + mittere(보내다)
17,mar,"고대영어 merran(방해하다, 해를 입히다)"
17,marbled,그리스어 marmaros(빛나는 돌)
17,marginal ,"margo, margin-(여백, 가장자리)"
17,marshal,marah(말) + scalc(노예) 
17,martinet,17세기 프랑스 훈련교관 Jean Martinet
17,mask,아랍어 maskra(광대)
17,massacre,unknown origin
17,material,materia(물질)
17,masterful,magister(선생님)
17,matter-of-fact,matter + of + fact
17,maudlin,Mary Magdalen(막달라 마리아) 회개의 아이콘
17,maunder,17세기 maunder(구걸하다)
17,maven,유대인어
17,maverick,19c Samuel A. Maverick 송아지 고기에 낙인 찍지 않은 텍사스의 농장주
17,mawkish,maggot(구더기)
17,meager,macer(가늘고 약한)
17,meander ,그리스어 Maiandros(터키의 구불구불한 강 이름)
17,measly,measles(홍역) + ly
17,measured,"mensura(측정하다, 재다)"
17,meddle ,"miscere(혼합하다) -> 고대 프랑스어 mesler, medler"
17,mediate,medius(가운데)
17,mediocre ,medius(가운데) + ocris(바위투성이 산)
17,meet,고대영어 gemǣt(적절해진)
17,meld,"melt(녹이다, 녹다) + weld(혼합하다)"
17,meliorate,melior(더 나은)
17,mellifluous ,mel(꿀) + fluere(흐르다)
17,melodious,melos(노래)
17,menace,"minae(위협, 협박)"
17,mend,e(밖으로) + menda(오류) 오류를 찾아낸다 -> amend -> mend
17,mendacious,mendum(오류) -> mendax(거짓말하다)
17,mendicant,mendum(오류) -> mendicus(거지)
17,menial  ,고대 프랑스어 mensee(집안일)
17,mercenary,merces(보상)
17,mercurial,"신의 이름 Mercury(Hermes), 수은"
17,meretricious,"meretrix, meretric-(prostitute, a hired one)"
18,merriment,고대 영어 myrige(즐거움)
18,merit,meritum(합당한 보상)
18,metamorphose ,meta(변화) + morph(형태)
18,metaphorical,그리스어 metapherein(전달하다)
18,metaphysical,그리스어 ta meta ta phusika(the things after the Physics)
18,meteoric,"meteorum(높여진, 떠 있는, 숭고한)"
18,methodical,그리스어 meta(발전) + hodos(방법)
18,meticulous ,metus(두려움) -> meticulosus(두려워하는)
18,mettlesome,"metal을 비유적으로 사용. ‘강철 심장, 강철 멘탈’"
18,milestone,mile + stone 도로의 마일 표시
18,milieu,19세기 불어. mi(가운데)+lieu (장소).
18,militate against,"miles, milit(군인) -> militare(군인으로 복무하다)"
18,minatory,minari(위협하다)
18,mince no words,minutia(작음)
18,mindful,mens(마음) + ful(가득한)
18,minion,프랑스어 mignon(작은)
18,mint,moneta(돈)
18,minuscule,minuscula(다소 적은)
18,minute,"minutus(줄여진, 줄어든)"
18,minutia,"minutus(줄여진, 줄어든)"
18,mire,"독일어 Moos(이끼, 습지) -> moss, mire"
18,mirthful,고대영어 myrgth(기쁨)
18,misanthrope ,그리스어 misein(미워하다) + anthrōpos(인간)
18,miscellaneous,miscere(혼합하다)
18,misconstrue,"mis(잘못) + con(함께) + struere(쌓다, 건설하다)"
18,miscreant,mes(잘못) + creire(믿다)
18,misdemean,"mis(잘못) + de(멀리) + minare(위협하다) demean(통제하다, 조절하다 -> 이끌다 -> 행동하다)"
18,miserly,miser(비참한)
18,misgiving,mis + give
18,misguided,mis + guide
18,mishap ,mis + hap(행운)
18,misnomer,mes(잘못) + nommer(이름 붙이다)
18,mitigate,"mitigare(완화시키다, 부드럽게 만들다)"
18,moderate,"modus(자) -> moderare(줄이다, 통제하다)"
18,modest,modus(자) 
18,modicum,"modus(자) -> modicus(적당한, 줄어든)"
18,modish,modus(자)
18,modulate,modulus(측정하다)
18,mold,modus(자) 
18,mollify,mollis(부드러운)
18,momentous,movere(움직이다) -> movimentum
18,momentum,movere(움직이다) -> movimentum
18,monolithic,monos(하나) + lithos(돌)
18,monopolize,monos(하나) + pōlein(팔다)
18,moralistic,"mores(윤리, 도덕)"
18,moratorium,mora(지연시키다)
18,morbid,morbus(질병)
18,mordant,mordere(물다)
18,mores,"mos, mor-(관습)"
18,moribund,mori(죽음) + bundus(현재진행형)
18,morose,"mōs(매너, 태도) + -ōsus(~ful)"
18,morph,그리스어 morephē(형태)
18,motley,unknown origin
18,muddle,중세 네델란드어 modden(진흙에 만반 빠져서 첨벙거리다)
18,multifaceted,"multi(여러 개의) + facette(작은 얼굴, 작은 면)"
18,multifarious,multifarius + ous
18,mundane ,mundus(세상)
18,munificent,munus(선물) -> munificus(풍부한) -> munificentior(더 풍부한)
18,murky,고대 노르웨이어 myrkr(어두움)
18,mushroom,mussirio(버섯)
18,muster,monstrare(보여주다)
18,mutability ,mutare(변화하다)
18,mutate,mutare(변화하다)
18,mute,"mutus(묵언의, 침묵의)"
18,mutiny,movere(움직이다) -> movimentum
18,myopia,그리스어 muein(닫다) + ōps(눈) 
18,myriad,그리스어 murias(10000)
18,nadir,아랍어 naẓīr(zenith의 반대)
18,naivete,"nativus(순진한, 자연스러운)"
18,nascent  ,nasci(낳다)
18,naysay,고대 노르웨이어 ne(not) + ei(ever) 
18,nebulous,nebula(엷은 안개)
18,necessitate,necesse(필요하다)
18,nefarious,ne(아니다) + fas(신성한 법)
18,negligent,neg(아니다) + legere(선택하다)
18,negligible,neg(아니다) + legere(선택하다)
18,nemesis   ,nemen(합당한 벌을 주다) -> 보복
18,neophyte,neos(새로운) + phuton(식물). 디모데전서3:6
18,nepotism,이태리어 nipote(조카)
18,nervy,그리스어 neuron -> 라틴어 nervus (힘줄)
18,nettle,네델란드어 netel(쐐기풀)
18,nibble   ,"독일어 nibblen(씹다, 깨물다)"
18,nice,"nescire(not know) -> nescius(1.어리석은, 2. 철저한) "
18,nimble,고대영어 nǣmel(이해가 빠른)
18,nitpick,nit(머리에 있는 ‘이’의 알) + pick(뽑는다)
18,nocturnal,"nox, noct(밤)"
18,noisome,annoy + some
18,nomad,"그리스어 nomas, nomad(목초지를 찾아 헤매는)"
18,nominal,"nomen, nomin(이름)"
18,nonchalant,프랑스어 “not being concerned”
18,noncommittal ,non + com(함께) + mittere(보내다)
18,nonconformist,non + con(모두 함께) + formare(형성하다)
18,nondescript,non + de(아래로) + scribere(쓰다)
18,nonplus,non(not) + plus(more) 더 이상 뭘할지 모르겠다
18,notoriety,notus(알려진)
18,novice,novus(새로운)
18,noxious,noxa(해로움)
18,nuance,nubes(구름)
18,nugatory,nagae(농담) -> nugari(사소하게 대하다)
18,nuisance ,nocere(해를 입히다)
19,nullify,ne(not) + ullus(any)
19,numinous,numin(신적인 의지)
19,nurture ,"nutrire(먹이다, 소중히 여기다)"
19,obdurate,ob(~에 반대하여) + durare(단단해지다)
19,obeisant ,ob(~방향으로) + audire(듣다) -> 프랑스어 obeir -> obeissant(현재분사)
19,obfuscate,ob(완전히) + fuscus(어두운)
19,obligate,ob(~방향으로) + ligare(묶다)
19,obliging,ob(~방향으로) + ligare(묶다)
19,oblique,"obliquus 휘어진, 완곡한, 간접적인"
19,obliterate,ob(반대) + littera(글자)
19,oblivion,oblivisci(잊다)
19,oblivious,oblivisci(잊다)
19,obloquy,ob(반대하여) + loqui(말하다)
19,obscure,obscurus(어두운)
19,obsequious,"obsequi(따르다, 순응하다)"
19,observant,"ob(~방향으로) + servare(주의하다, 바라보다)"
19,obsolete,obsolescere(쓰지 않게 되다)
19,obstinate,obstinare(지속하다)
19,obstreperous,ob(반대하여) + strepere(시끄러운 소리를 내다)
19,obstructionist,"ob(반대하여) + stuere(건설하다, 쌓다)"
19,obtrusive,ob(~방향으로) + trudere(밀다)
19,obtuse,"ob(against 반대하여, 그 방향으로) + tundere(때리다) -> 맞아서 감각이 없어진"
19,obviate,ob(반대하여) + via(길)
19,occlude,occludere(닫다)
19,occult,occulere(감추다) -> occultare(비밀로 하다)
19,odious,od(미워하다) -> odium(미움)
19,offbeat,off + beat
19,officious,"officious(상냥한, 친절한, 일 잘하는) 뜻이 정반대로 변함"
19,offset,off + set
19,omnipotent,omni(모든 all) + potent(강력한 powerful)
19,omnipresent,omni(모든 all) + praesent(존재하는)
19,omniscient,omni(모든 all) + scire(알다)
19,on a par with,par(대등한)
19,onerous,"oner, onus(짐)"
19,onset,on + set
19,opaque,opaqus(어두워진)
19,opinionated,"opinari(믿다, 생각하다)"
19,opportune,ob(~방향으로) + portus(항구)
19,opportunistic,ob(~방향으로) + portus(항구)
19,opprobrium,ob(반대하여) + probum(수치스러운 행위)
19,opulent  ,opes(부유함)
19,oracular,orare(말하다) -> oraculum(신의 예언)
19,orient,"oriri(일어나다, 오르다)"
19,orthodox,"orthos(바른, 옳바른) + doxa(의견, 견해)"
19,oscillate ,"oscillare(좌우로 흔들리다, 흔들다)"
19,ossify,oss(뼈)
19,ostensible,ob(~가 잘 보이게) + tendere(당기다)
19,ostentatious ,ob(~가 잘 보이게) + tendere(당기다)
19,ostracize,"ostrakon ‘조개껍질, 도자기 파편’ 고대 그리스 민주주의 사회에서 추방할 사람을 정할 때 썼던 투표용지"
19,oust,"obstare(반대하다, 방해하다)"
19,outlandish,고대영어 ūtland(foreign country)
19,outlaw,"고대 노르웨이어 útlagr(금지된, 추방된)"
19,outmaneuver,out(능가) + manus(손) + operari(일하다)
19,outmoded ,out(지나간) + mode
19,outspoken,out(밖으로) + 독일어 sprechen
19,outstrip,"out(능가) + strip(빼앗다, 벗기다) -> 이겨서 빼앗다"
19,overarching,over(위로) + arcus(활)
19,overbearing,"over(능가) + ferre(옮기다, 들고 다니다)"
19,overblown,-
19,overhaul,over(능가) + haul(당기다)
19,overpower,over(능가) + posse(가능하다)
19,override,over(능가) + reiten(타다)
19,overriding ,over(능가) + reiten(타다)
19,overrule,"over(능가) + regula(막대 자)->regulare(통제하다, 지배하다)"
19,overshadow,over(위로) + skotos(어두움) 
19,overt,aperire(덮다) -> 고대 프랑스어 ovrir(열다)
19,overtake,-
19,overweening,-
19,overwhelming,over(위로) + 고대 영어 hwelfan(배를 뒤집다)
19,overwrought,over(지나치게) + work
19,pacify,"pax, pac-(평화) -> pacificus(평화를 만드는)"
19,painstaking,poena(벌) -> pain
19,palatable,"palatum(입천정, 구개)"
19,palliate ,pallium(담요로 덮다)
19,palliative,pallium(담요로 덮다)
19,pallid,pallere(창백하다)
19,palpable,"palpare(부드럽게 만지다, 느끼다)"
19,palpitate,"palpare(부드럽게 만지다, 느끼다)"
19,palter,unknown origin
19,paltry,paltrig(누더기의)
19,pan ,"patina(접시, 요리) -> 팬, 남비 -> ‘바가지 긁다’의 의미"
19,panacea,pan(모든) + akos(치료제)
19,panache,pinna(깃털) -> 모자 장식 깃털
19,pandemonium,pan(모든) + 그리스어 daimōn(악귀)
19,panegyric  ,"pan(모든) + aguris(모임, 광장 agora)"
19,panoply,pan(모든) + hopla(무기)
19,paradigm,para(옆에) + diknunai(보여주다)
19,paradox,"para(구별된, 구분된) + doxa(의견)"
19,paragon,"그리스어 parakonē(칼가는 돌, 숫돌) -> 이태리어 paragone(시금석)"
19,parallel,para(옆에) + allēlos(서로)
19,paralyze,paralysie(마비)
19,paramount,par(옆에) + amont(위에)
19,paranoid,"para(비정상의, 일정하지 않은) + noos(마음)"
19,pariah,인도 타밀어 paṛaiyar(북치는 사람)
19,parity,par(동등한)
19,parochial,"para(옆의, 하위의) + oikos(거주지) -> parish(교구)"
19,paroxysm,para(옆의) + oxunein(날카롭게 만들다)
19,parry,parare(피하다)
19,parsimony,"parcere(아끼다, 절약하다)"
19,partisan,"pars, part-(부분)"
20,pastiche,pasta(붙이다)
20,pastoral ,"pastor(목자, 목동)"
20,patchwork,고대 프랑스어 pieche(조각)
20,patent,patere(열려 있다)
20,pathogen,"그리스어 pathos(고통, 질병)"
20,pathological,"그리스어 pathos(고통, 질병)"
20,patronize,"pater, patr-(아버지) -> patronus(보호자, 옹호자)"
20,paucity,"paucus(적음, 거의 없음)"
20,peccadillo,peccare(죄짓다)
20,pecuniary,"pecu(소, 돈) -> pecunia(돈)"
20,pedagogue,"그리스어 pais, paid-(아이) + agōgos(이끌다)"
20,pedantic,"그리스어 pais, paid-(아이) + agōgos(이끌다)"
20,pedestrian,pedester(도보로 다니는)
20,pedigree,프랑스어 pé de grue 학의 발
20,peerless,par(대등한) -> peer(대등한 사람) + less
20,peeve,peevish에서 파생
20,peevish,unknown origin
20,pejorative,pejor(더 나쁜)
20,pell-mell,mesler(섞다) -> pesle mesle -> 프랑스어 pêle-mêle
20,pellucid,per(각각) + lucidus(빛나는)
20,penchant,pencher(기울다) + -ant(현재분사형)
20,penetrate,penitus(내부의)
20,penitent,paenitere(후회하고 뉘우치는)
20,pensive,pendere 메달다
20,penury,"paene(거의) -> penuria(필요, 부족, 결핍)"
20,pep,pepper(고추)
20,perceive,per(완전히) + capere(붙잡다)
20,perceptive,per(완전히) + capere(붙잡다)
20,percolate,per(완전히) + colare(여과하다)
20,peregrination,"peregrinus(해외의, 여행하는)"
20,peremptory,"per(완전히) + emere(가지다, 사다)"
20,perennial,perennis(오랜 세월 이어지는)
20,perfidy,per(부정적인 영향) + fides(믿음)
20,perforate,per(완전히) + forare(뚫다)
20,perforce,고대 프랑스어 par force(무력으로)
20,perfunctory,"perfungi(수행한, 완료한, 끝낸) "
20,perimeter,peri(주변) + metron(측정하다)
20,peripatetic,peripatētikos(걸어 다니는)
20,peripheral,peri(주변) + pherein(짐을 지다)
20,periphrasis,peri(주변으로) + phrazein(선언하다)
20,perjury,per(부정적인 영향) + jurare(맹세하다)
20,permeate,per(완전히) + meare(지나가다)
20,permute   ,per(완전히) + mutare(변하다)
20,pernicious ,"nex, nec-, nic(죽음) -> perniciosus(파괴적인)"
20,perpetrate,per(완전히) + patrare(일으키다)
20,perpetual,perpes(지속적인)
20,perpetuate,perpes(지속적인)
20,perplex,per(완전히) + plectere(때리다) 
20,perquisite,per(완전히) + quaerere(찾아 다니다)
20,persecute,"per(완전히) + sequi(따라 다니다, 추구하다)"
20,persevere,"per(철저히) + severus(심각한, 가혹한)"
20,persistent,per(확고하게) + sistere(서 있다)
20,personable,"persona(배우의 가면, 연극에서의 인물, 인간)"
20,personify,"persona(배우의 가면, 연극에서의 인물, 인간)"
20,perspective,per(철저한) + specere(보다)
20,perspicacious,"per(철저한) + specere(보다) -> perspicax, perspicac-(명확히 보고 있는)"
20,perspicuous ,"per(철저한, 자세한) + specere(보다) -> perspicuus(투명한, 명확한)"
20,pertain,per(통과하여) + tenere(붙들다)
20,pertinacious,per(통과하여) + tenere(붙들다)
20,pertinent,per(통과하여) + tenere(붙들다)
20,perturb,per(완전히) + turbare(방해하다)
20,pervade,"per(온통, 전지역에) + vadere(가다)"
20,pervasive,"per(온통, 전지역에) + vadere(가다)"
20,pester,"프랑스어 empestrer(방해하다, 저해하다)"
20,petrify,"petra(바위, 돌)"
20,petulant,"petere(목표하다, 추구하다) -> petulant-(무례한)"
20,phenomenal,"그리스어 phainomenon(보이는 것) -> phenom(존경받는 천재), phenomenon(현상)"
20,philanthropy,그리스어 philein ‘사랑하다’ + anthrōpos(인간)
20,phlegmatic,"그리스어 phlegma(염증) -> phlegm(가래, 담)"
20,phony,unknown origin
20,piecemeal,"piece + meal(고대 영어 mǣlum ""measure"")"
20,pigeonhole,pipio(짹짹거리는 어린 새) -> pigeon 비둘기
20,pilfer,고대 프랑스어 pelfrer(강탈하다)
20,pillory,프로방스어 espilori(엿보는 구멍)
20,pine,poena(벌)
20,pinnacle,"penna, pinna(깃털, 날개)"
20,piquant,piquer(찌르다)의 현재분사형
20,pique,piquer(찌르다)
20,pit against,pith(짧고 강한 말)
20,pitfall,"puteus(우물, 갱도)"
20,pithy,고대 영어 pitha(오렌지 껍질 속의 하얀 부분) -> 핵심
20,pittance,pietas(연민)
20,placate,placere(달래다)
20,placid,placere(달래다)
20,plagiarism,"plagium(납치, 유괴)"
20,plague,plaga(때리다)
20,plaintive,"고대 불어 plainte(한탄, 슬픔)"
20,plastic,plassein(모양을 만들다)
20,platitude ,plat(평평한)
20,plaudit,"plaudere(칭송하다, 찬양하다) -> plaudite(칭송하라!)"
20,plausible ,"plaudere(칭송하다, 찬양하다)"
20,plead,"plaidier(소송을 걸다, 법에 호소하다)"
20,plebeian,plebeius 평민
20,plenitude,plenus(가득한)
20,plethora,plenus(가득한)
20,pliant,plier(구부리다)의 현재분사형
20,plod,16세기 무거운 발걸음에 대한 상징적인 표현
20,plot,고대 불어 complot(비밀 계획)
20,plucky,"고대 불어 peluchier(뽑다, 빼내다)"
20,plumb,plumbum(납)
21,plummet,plumbum(납) -> 고대 불어 plommet(작은 납)
21,plunder,독일어 plünder(가정집 물건들을 훔치다)
21,poach,프랑스어 pocher(가방에 넣다)
21,poignant,pungere(찌르다)
21,poised,"pendere 메달다 -> pensum(무게, 무거운 것)"
21,polarity,"polus(축의 끝) -> polaris(하늘의, 천상의)"
21,polarize ,"polus(축의 끝) -> polaris(하늘의, 천상의)"
21,polemical,그리스어 polemos(전쟁)
21,politic,polis(도시) -> politēs(시민)
21,polymath,polu(많은) + manthanein(배우다)
21,pompous,pompa(화려한 모습)
21,ponder,ponderare(무게 달다)
21,ponderous  ,pondus(무게)
21,pontificate,pont(다리) + fex(facere 만들다) -> pontifex(고위 성직자단의 맴버) -> pontiff(교황)
21,pool,"프랑스어 poule(공동자금, 지분, 판돈)"
21,populace,이태리어 popolo(민중) + accio(경멸조의 어미)
21,populist,populus(민중)
21,porous,porus(구멍)
21,portend,"pro(앞에) + tendere(당기다, 늘이다)"
21,portentous,"pro(앞에) + tendere(당기다, 늘이다)"
21,poseur ,프랑스어 poser(두다)
21,posit,ponere(두다)
21,postulate,"postulare(묻다, 요청하다)"
21,posture,ponere(두다)
21,potable,potare(마시다)
21,potent,"posse(강하다, 할 수 있다)"
21,prate,중세 독일어 praten(말하다)
21,preachy,"prae(앞에서) + dicare(말하다, 선언하다)"
21,precarious,"prep, pre-(기도) -> precarius(간청해서 얻어낸) -> 간청해야 하는"
21,precedent,prae(미리) + cedere(가다)
21,precipitate,prae(앞에) + caput(머리)
21,precipitation,prae(앞에) + caput(머리)
21,precipitous,prae(앞에) + caput(머리)
21,preclude   ,"prae(앞에, 미리) + claudere(닫다)"
21,precocious,"prae(앞에, 미리) + coquere(요리하다)"
21,preconception,"prae(앞에, 미리) + con(완전) + capere(잡다)"
21,precursor ,"prae(앞에, 미리) + currere(달리다)"
21,predate,pre(앞에) + date
21,predation,praedari(약탈하다)
21,predecessor,"prae(앞에, 미리) + decessor(퇴임하는 관리) deceder(출발하다, 떠나다)"
21,predestined,"prae(앞에, 미리) + destinare(확립하다)"
21,predicament,"prae(앞에서) + dicare(알리다) -> predicare(미리 분류하다) -> 현재의 상태 -> 곤경, 궁지"
21,predicate,prae(미리) + dicare(알리다)
21,predilection,"prae(앞에, 미리) + diligere(선택하다)"
21,predominant,pre(앞에) + dominari(지배하다)  dominus(주인)
21,preeminent,"prae(앞에, 미리) + eminere(튀나)"
21,preempt,"prae(앞에, 미리) + emere(사다)"
21,preemptive,"prae(앞에, 미리) + emere(사다)"
21,prefigure,"prae(이전에) + figurare(만들다, 형성하다)"
21,premature,"prae(이전에, 미리) + maturus(성숙한)"
21,premeditated,"prae(앞에, 미리) + meditari(깊이 생각하다)"
21,preoccupied,"prae(앞에, 미리) + occupare(잡다)"
21,preponderant,"prae(앞에, 미리) + ponderare(저울질하다, 심사숙고하다)"
21,prepossessing,"prae(앞에, 미리) + potis(할 수 있다) + sedere(앉다)"
21,preposterous ,"prae(앞에, 미리) + posterus(뒤에 오는)"
21,prerequisite,"prae(앞에, 미리) + re(강조) + quaerere(찾다, 묻다)"
21,prerogative,"prae(앞에, 미리) + rogare(묻다, 요청하다)"
21,presage,"prae(앞에, 미리) + sagire(예리하게 감지하다)"
21,prescience,"prae(앞에, 미리) + scire(알다)"
21,prescribe,"prae(앞에, 미리) + scribere(쓰다)"
21,preservative,"prae(앞에, 미리) + servare(유지하다)"
21,pressing,고대 프랑스어 prest(대출해주다)
21,presume,"prae(앞에, 미리) + sumere(취하다, 가져가다)"
21,presumptuous,"prae(앞에, 미리) + sumere(취하다, 가져가다)"
21,pretentious ,"prae(앞에, 미리) + tendere(뻗다)"
21,preternatural,"praeter(지나간, 초월한) + natura(출생, 출산)"
21,pretext,"prae(앞에서, 미리) + texere(베를 짜다)"
21,prevailing,"prae(앞에, 미리) + valere(권력이 있다)"
21,prevalent,"prae(앞에, 미리) + valere(권력이 있다)"
21,prevaricate,"prae(앞에, 미리) + varicare(다리를 벌리고 올라 앉다)"
21,prickly,네델란드어 prik(가시)
21,prime,"primus(최초, 처음)"
21,primeval,"primus(최초, 처음) + aevum(나이)"
21,primordial,"primus(최초, 처음) + ordiri(시작하다)"
21,principled,"principium(소스, 출처)"
21,pristine,pristinus(이전의)
21,privation,"privare(빼앗다, 앗아가다)"
21,probity,probus(좋은)
21,problematic,pro(앞으로) + ballein(던지다)
21,proclaim,pro(앞으로) + clamare(외치다)
21,proclivity,pro(앞으로) + cloves(기울다)
21,procrastinate ,"pro(앞으로) + crastinus(내일 할 일의), cras(내일)"
21,procreate,"pro(앞으로) + creare(만들다, 창조하다)"
21,procure,"pro(대신하여) + curare(처리하다, 맡아서 확인하다)"
21,prodigal,"prodigus(실컷 쓰는, 낭비하는)"
21,prodigious,"prodigium(전조, 징후)"
21,prodigy,"prodigium(전조, 징후)"
21,profane,"pro(앞에서) + fanum(사찰, 절) -> 사찰 밖은 거룩하지 않다"
21,profess,pro-(앞에서) + fateri(고백하다)
21,professed,pro-(앞에서) + fateri(고백하다)
21,profligate,"pro(앞으로, 아래로) + fligere(때리다)"
21,profit monger,profit + monger(상인)
21,profound,pro(앞에) + fundus(바닥)
21,profuse,pro(앞에) + fundus(붓다)
21,prognostication,"pro(미리, 앞에) + gignōskein(알다)"
21,prohibitive,pro(앞에서) + habere(붙잡다)
21,proliferate,"proles(자손) + ferous(가지고 있는, 가지고 다니는)"
21,prolific ,"proles(자손) + ferous(가지고 있는, 가지고 다니는)"
21,prolix,pro(밖으로) + liquere(액화되다)
21,prominent,pro(앞으로) + minere(돌출하다)
22,promulgate,"pro(밖으로, 공개적으로) + mulgere(쥐어짜다, 뽑아내다)"
22,pronounced,"pro(밖으로, 앞으로) + nuntiare(발표하다)"
22,propaganda,propago(새싹)
22,propagate,propago(새싹)
22,propensity,"pro(앞으로, 아래로) + pendere(매달리다)"
22,property,"proprius(자기 자신의, 특별한)"
22,prophylactic,그리스어 pro(앞에서) + phulassein(지키다)
22,propitiate,"propitius(호의적인, 예의바른, 친절한)"
22,propitious,"propitius(호의적인, 예의바른, 친절한)"
22,proponent,pro(앞에) + ponere(두다)
22,propound,pro(앞에) + ponere(두다)
22,proprietary,"proprius(자기 자신의, 특별한)"
22,propriety,"proprius(자기 자신의, 특별한)"
22,prosaic,prosa(직설적인 말)
22,proscribe,pro(앞에서) + scribere(쓰다)
22,prosecution,pro(계속) + sequi(따라가다)
22,proselytize,"그리스어 prosēluthos(이방인, 개종자)"
22,prospect,pro(앞으로) + specere(바라보다)
22,protean,Proteus(질문에 답변을 피가히 위해서 다른 모습을 변할 수 있었떤 바다의 신)
22,protract           ,pro(밖으로) + trahere(당기다)
22,protuberance,"pro(앞으로, 밖으로) + tuber(혹)"
22,provenance,pro(앞으로) + venire(오다)
22,provident,pro(미리) + videre(보다)
22,providential,pro(미리) + videre(보다)
22,provincial,provincia(지역)
22,provision,pro(미리) + videre(보다)
22,provisional,providere(예견하다)
22,provoke,"pro(앞으로, 앞에서) + vocare(부르다)"
22,prowess,고대 불어 proesce(용감한)
22,proximate,proximus 가장 가까운
22,proxy,proximus 가장 가까운
22,prudent,pro(미리) + videre(보다)
22,prudish,prou(가치 있는)
22,pry,unknown origin
22,pseudonym,그리스어 pseudēs(가짜의) + onuma(이름)
22,puerile,puer(소년)
22,puff pieces,-
22,pugnacious,pugnus(주먹) -> pugnare(싸우다)
22,pulchritude,pulcher(아름다운)
22,pull no punches,주먹을 참지 않다’
22,pulverize     ,pulvis(먼지)
22,punctilious,스페인어 punto(점)
22,punctuate,punctum(마침표)
22,pundit,"산스크리트어 paṇḍita(학식이 있는, 기술이 있는)"
22,pungent,pungere(찌르다)
22,puny,더 어린
22,purport,"pro(앞으로) + portare(옮기다, 가지고 다니다)"
22,purposiveness,pro(앞으로) + poser(두다)
22,purvey,providere(예견하다)
22,purview,pro(미리) + videre(보다)
22,pusillanimous ,pusillus(매우 작은) + animus(마음)
22,putative,puatat-(생각되어진)
22,quack,"quacksalver의 줄임말. quacken(지껄이다) + salf(연고, 통증을 줄여 주는 것)"
22,quagmire,"quag(진흙탕, 진창) + mire(진흙탕, 진창)"
22,quaint,"cognitus(알아차린, 확인된)"
22,qualify,"qualis(그런 종류의, 어떤 종류의)"
22,qualm,고대 영어 cw(e)alm(고통)
22,quandary,quando(언제)
22,quarry,"1. quandrum(사각형)
2, 3. cuir ‘가죽’ and curer ‘동물의 내장을 제거하다’"
22,quash,"cassus(텅빈, 아무 가치 없는)"
22,queasy,고대 불어 coisier(상처를 주다)
22,quell,네델란드어 kwellen(죽이다)
22,quench,고대영어 -cwencan(불을 끄다)
22,querulous,queri(불평하다)
22,query,"quaerere(묻다, 찾다, 요구하다)"
22,quibble,"quibus (의문사들의 여격, 탈격 복수형, 법률용어)"
22,quiescent,"quies(조용한, 고요한)"
22,quip,"quippe(정말로, 진짜)"
22,quirky,unknown origin
22,quixotic,Don Quixote
22,quizzical,unknown origin
22,quotidian,cotidie(매일매일의)
22,rabid,rabere(열변을 토하다)
22,radical,"radix, radic-(뿌리)"
22,raffish,"riffraff(하층민, 천민, 인간 쓰레기)"
22,rail  ,rugire(고함치다) -> 프랑스어 railler
22,raillery,rugire(고함치다) -> 프랑스어 railler
22,raiment,중세 영어 arrayment(옷)
22,rally,프랑스어 re(다시) + allier(연대하다) = rallier
22,ramble,중세 네델란드어 rammelen(헤매다)
22,rambunctious,unknown origin
22,ramification,ramus(가지) + ficare(만들다)
22,rampant,고대 불어 ramper(기어다니다)의 현재분사형
22,ramshackle,고대 영어 ransackled(엉망을 만들면서 뒤져 본)
22,rancid,rancidus(냄새나는)
22,rancor,"rancidus(냄새나는) -> rancor(냄새 고약, 지독함)"
22,rankle,draco(뱀) -> dracunculus(지긋지긋한 고통)
22,ransack,rann(집) + sœkja(찾다)
22,rant,네델란드어 ranten(헛소리하다)
22,rapacious,"rapere(와락 붙잡다, 잡아 채다)"
22,rapport,프랑스어 rapporter(되가져 오다)
22,rapprochement,"프랑스어 re(강조) + approcher(접근하다, 다가가다)"
22,rapturous,raptura(사로잡는)
22,rarefied,rarus(희귀한) + facere(만들다)
22,rarity,rarus(널리 흩어져 있는)
22,rationale,reri(계산하다) -> rationalis(이성적인)
22,rationalize,reri(계산하다) -> rationalis(이성적인)
22,raucous,"raucus(목소리가 쉰, 거친)"
22,ravage,ravine(홍수)
22,rave,unknown origin
23,ravenous,rapina(약탈하다)
23,reactionary,reagere(다시 하다)
23,reassure,"re(다시, 강조) + ad(~로, 변화) + se(없다) + cura(걱정)"
23,rebuff,"ri(반대) + buffo(바람, 내뿜다, 헉헉거리다)"
23,rebuke,"고대 불어 re(다시, 아래로) + bukier(치다, 때리다)"
23,rebut ,"re(반대로) + boter(치다, 때리다)"
23,recalcitrant,"calx, calx-(발뒤꿈치) -> recalcitrant-(뒤꿈치로 걷어 차는)"
23,recant,"re(뒤집어, 거꾸로) + cantare(노래하다)"
23,recapitulate,"caput 머리 -> re(다시) + capitulum(챕터, 장)"
23,recast,re(다시) + kasta(던지다)
23,recede,re(뒤로) + cedere(가다)
23,recess,re(뒤로) + cedere(가다)
23,recession,re(뒤로) + cedere(가다)
23,recidivism  ,"re(다시, 뒤로) + caedere(떨어지다) -> recidere"
23,reciprocal,re(뒤로) + pro(앞으로) -> reciprocus(앞뒤로 오락가락하는)
23,reckless,고대 영어 reck(주의하다) + less
23,reckon,"고대영어 (ge)recenian 이야기하다, 묘사하다"
23,reclamation,"re(다시, 뒤로) + clamare(외치다)"
23,recluse,re(다시) + claudere(닫다)
23,recoil,라틴어 culus(엉덩이) -> 고대불어 reculer(뒷걸음질치다)
23,reconcile,"re(다시, 뒤로) + con(함께) + ciliare(데려오다)"
23,recondite,"re(다시, 뒤로) + condere(모으다, 숨기다)"
23,reconnaissance,re(다시) + cognoscere(배우다)
23,reconnoiter ,re(다시) + cognoscere(배우다)
23,recourse,"re(다시, 뒤로) + cursus(과정, 달리기)"
23,recrudescent,re(다시) + crudus(날것의)
23,rectitude,"rectus(바른, 곧은)"
23,recuperate,re(뒤로) + capere(잡다)
23,recurrent,"re(다시, 뒤로) + currere(달리다)"
23,redeem,"re(다시, 뒤로) + emere(구입하다)"
23,redolent,"re(다시, 뒤로) + olere(냄새맡다)"
23,redoubtable,re(강한) + douter(의심하다) -> redouter(두려워하다)
23,reductive,"re-(뒤로, 다시) + ducere(이끌다)"
23,redundant,re(d)(다시) + unda(파도)
23,refract,"re(다시, 뒤로) + frangere(부수다)"
23,refractory,"re(다시, 뒤로) + frangere(부수다)"
23,refrain,"re(강조) + frenum(굴레, 억제)"
23,refulgent,re(강조) + fulgere(빛나다)
23,refute,"refutare(불쾌감을 주다, 논박하다)"
23,regime,regere(지배하다) -> regimentum(지배)
23,regimen,regere(지배하다) -> regimentum(지배)
23,regimentation,regere(지배하다) -> regimentum(지배)
23,regression,re(뒤로) + gradi(걷다)
23,regurgitate,"re(다시, 거꾸로) + gurges(소용돌이)"
23,rehabilitate,habilis(능력있는 able) -> habilitare
23,rehash,re(다시) + hash(고기와 감자 요리)
23,reify,res(사물 thing) + fy(만들다)
23,rein ,"retinere(계속 붙들고 있다, 유지하다)"
23,reiterate,re(다시) + iterare(두번째 하다)
23,rejuvenate,re(다시) + juvenis(어린)
23,rekindle,re(다시) + kindill(촛불)
23,relegate,re(다시) + legare(보내다)
23,relent,"re(뒤로, 다시) + lentare(구부리다)"
23,relentless,"re(뒤로, 다시) + lentare(구부리다) + less"
23,relic,linquere(떠나다) -> reliquus(남아 있는)
23,relinquish,re(반대) + linquere(떠나다) -> reliquus(남아 있는)
23,relish,re(강조) + linquere(떠나다)
23,remedial,"re(다시, 뒤로) + mederi(고치다)"
23,reminisce,reminisci(기억하다)
23,remiss,remissus(느슨해진)
23,remold,re(다시) + modus(자)->mold
23,remonstrate,re(강조) + monstrare(보여주다)
23,remorse,re(강조) + mordere(깨물다)
23,remorseless,re(강조) + mordere(깨물다) + less
23,remunerate,"re(강조) + munus, muner-(선물)"
23,remunerative,"re(강조) + munus, muner-(선물)"
23,rend,중세 독일어 rende(찢다)
23,render,re(뒤로) + dare(주다)
23,renegade,re(강조) + negare(부인하다)
23,renege,re(강조) + negare(부인하다)
23,renounce,"re(반대, 뒤집는) + nuntiare(발표하다)"
23,repeal,"re(반대, 뒤집는) + apeler(부르다, 호소하다)"
23,repel,re(뒤로) + pellere(몰고 가다)
23,repellent,re(뒤로) + pellere(몰고 가다)
23,replenish,re(다시) + plenir(채우다)
23,replete,re(다시) + plere(채우다)
23,replicate,"re(다시, 뒤로) + plicare(접다, 포개다)"
23,repose ,"re(강조) + pausare(멈추다, 쉬다)"
23,reprehend,re(강조) + prehendere(붙잡다)
23,reprehensible ,re(강조) + prehendere(붙잡다)
23,repress,re(뒤로) + premere(누르다)
23,reprisal,re(강화) + prehendere(붙잡다)
23,reproach,"re(다시, 뒤로) + prope(가까이)"
23,reprobate,re(반대로) + probare(승인하다)
23,reprove,re(반대로) + probare(승인하다)
23,repudiate,repudium(이혼)
23,repugnance,re(반대) + pugnare(싸우다)
23,repulsive,re(뒤로) + pellere(몰고 가다)
23,repute,re(강조) + putare(생각하다)
23,requisite,"re(강조) + queerere(찾다, 묻다)"
23,requite,re(다시) +  quies(조용한) 
23,rescind,re(강조) + scindere(나누다)
23,resentful,re(강조) + sentir(느끼다)
23,reserve,re(뒤로) + servare(지키다)
23,reserved,re(뒤로) + servare(지키다)
23,reside ,re(뒤로) + sedere(앉다)
23,residue,re(뒤로) + sedere(앉다)
23,resignation,"re(뒤로) + signare(서명하다, 봉인하다)"
23,resilient,re(뒤로) + salire(뛰다)
23,resolute,re(뒤로) + solvere(느슨하게 풀다)
24,resolve,re(뒤로) + solvere(느슨하게 풀다)
24,resonant ,re(강조) + sonare(소리나다)
24,resonate,re(강조) + sonare(소리나다)
24,resort to,고대 프랑스어 re(다시) + sortir(나오다)
24,resourceful,"re(다시) + surgere(올라가다) -> 고대 불어 resourdre(다시 오르다, 회복하다)"
24,respite,"respectus(고려해 보기, 피난처)"
24,resplendent,re(강조) + splendere(빛나다)
24,restitution,re(다시) + statuere(설립하다)
24,restive,restare(남다)
24,restrain,"re(뒤로) + stringere(묶다, 팽팽히 당기다)"
24,resurge,"re(다시, 뒤로) + surgere(올라오다)"
24,resurrect,"re(다시, 뒤로) + surgere(올라오다) -> resurrectio(부활하다)"
24,resuscitate,"re(다시, 뒤로) + suscitare(들어 올리다)"
24,retain,"re(다시, 뒤로) + tenere(붙잡다)"
24,retaliate,"re(다시, 뒤로) + talis(그런)"
24,reticent,re(강조) + tacere(고요하다)
24,retort,re(응답으로) + torquere(비틀다)
24,retract,"re(다시, 뒤로) + trahere(끌다)"
24,retreat,"re(다시, 뒤로) + trahere(끌다)"
24,retrench,"re(반대로) + trancher(자르다, 잘게 썰다)"
24,retribution,re(뒤로) + tribuere(지정하다)
24,retrieve,고대 불어 retrover(다시 찾다)
24,revel in,rebellare(반항하다) -> reveler(반항하여 일어나다)
24,reverberate,"re(다시, 뒤로) + verberare(후려치다, 갈기다)"
24,revere,re(강조) + vereri(두려워하다)
24,revert,"re(다시, 뒤로) + vertere(돌리다, 바꾸다)"
24,revile,vil(사악한) -> 고대 불어 reviler
24,revisionist,re(다시) + vidēre(보다)
24,revulsion,"re(다시, 뒤로) + vellere(당기다)"
24,rhapsodic,그리스어 rhaptein(꿰매다) + ōidē(노래)
24,ribald  ,"riber(음탕한, 성적이 쾌락에 푹 빠진, prostitute)"
24,rickety,그리스어 rhakhitis(구루병) -> rickets
24,riddle,"고대 영어 rǣdels, rǣdelse(억측, 수수께끼)"
24,rife,노르웨이어 rīfr(받아들일 수 있는)
24,rift,"노르웨이어, 덴마크어 rift(쪼개진)"
24,righteous,"riht(올바른) + wīs(방법, 상태)"
24,rigid,rigere(뻣뻣하다)
24,rigor,rigere(뻣뻣하다)
24,rigorous,rigere(뻣뻣하다)
24,rile,"고대 불어 ruiler(섞다, 막자사발)"
24,ripen,고대 영어 rīpe(성숙한)
24,risible,ridere(웃다)
24,rite,ritus(종교적 용도)
24,ritual,ritus(종교적 용도)
24,rive,unknown origin
24,riveting,"고대 불어 river(고정시키다, 매듭짓다)"
24,robust ,"robur(참나무, 힘)"
24,rococo,roc(바위) -> rocaille(로카이유) -> rococo(로코코)
24,rogue,rogare(간청하다)
24,roil,"고대 불어 ruiler(섞다, 막자사발)"
24,roost,네델란드어 roest
24,rosy,rosa -> rose
24,rote,unknown origin
24,rotund,rotare(회전하다)
24,roundly,rotundus(뚱뚱한)
24,row,unknown origin
24,rowdy,unknown origin
24,rubric,rubeus(빨간색)
24,rudimentary,rudis(마무리되지 않은)
24,rue,"독일어 Reue(후회, 한탄)"
24,ruminate,ruminari(다시 씹다)
24,run afoul of,-
24,runaway,"고대 노르웨이어 rinna, renna"
24,ruse,rusus(뒤로)
24,rustic ,rus(시골)->rusticus(시골스러운)
24,sabotage,saboter(나막신[sabot]를 신고 발로 차다)
24,saccharine,saccharum(설탕)
24,sacrilegious ,sacr(신성한) + legere(훔쳐오다) -> 신성한 물건들을 훔치다
24,sacrosanct ,sacr(신성한 의식으로) + sanctus(거룩한)
24,sagacious ,sagax(현명한)
24,salacious,"salire(뛰다) -> salax(음란한, 문란한, 욕정에 가득한)"
24,salient,salire(뛰다)
24,saline,"sal(소금) + ine(~에 속한, ~을 닮은)"
24,sally,salire(뛰다)
24,salubrious,salus(건강) -> salubris
24,salutary,"salus, salut(건강) -> salutaire"
24,salvage,salvare(구하다)
24,salvation,salvare(구하다)
24,sanctimonious,sanctus(거룩한)
24,sanction,sancire(승인하다)
24,sanctuary,sanctus(거룩한)
24,sangfroid    ,프랑스어 sang(피)-froid(차가운)
24,sanguine,sanguin-(피)
24,sap,고대 영어 sæp
24,sapient,sapere(똑똑하다)
24,sarcastic,"그리스어 sarkazein(살을 찟다, 심하게 말하다)"
24,sartorial,"sarcire(헝겊, 조각) -> sartor(재단사)"
24,sate,고대영어 sadian(많이 먹어서 지겨운)
24,satiate,satis(충분한) -> satiare
24,satire,satura(시적인 메들리)
24,saturate,satur(가득한) -> saturare
24,saturnine,Saturninus(토성의)
24,savor,sapere(맛보다)
24,savory,sapere(맛보다)
24,scant,고대 노르웨이어 skamt(짧은)
24,scanty,고대 노르웨이어 skamt(짧은)
24,scathing,독일어 schaden(해를 입히다)
24,schematic,"그리스어 skhēma(형태, 모양)"
24,scheme,"그리스어 skhēma(형태, 모양)"
24,schism,그리스어 skhimsa(쪼개진)
25,scintillating,scentllare(번뜩이다)
25,scission,"scindere(자르다, 쪼게다)"
25,score,"고대 노르웨이어 skora(절개하다, 긋다)"
25,scrimp     ,스코틀랜드어 scrimpt(양과 질이 떨어지는)
25,scruple,scrupulus(거친 돌맹이)
25,scrupulous,scrupulus(거친 돌맹이)
25,scrutinize,scruta(쓰레기)
25,scuffle,스웨덴어 skuffa(밀다)
25,scurrilous ,"scurra(어릿광대, 웃기는 놈)"
25,seamy,"seamy(이음매, 실밥) -> 실밥이 너덜너덜하게 보이도록 지저분한 -> 추잡스러운"
25,seasoned,serere(씨뿌리다)
25,secession,secedere(분리되어서 가다)
25,secrete ,secret(비밀)
25,secretive,secret(비밀) -> 프랑스어 secrétivité
25,sectarian,"sequi(따르다) -> secta(파벌, 정파)"
25,secular,"saeculum(세대, 시대) -> 세상"
25,sedentary,sedere(앉다)
25,seditious,sed(분리) + itio(가고 있는) -> sedition 군사적 반란
25,sedulous,sedulus(열정적인)
25,seemly,"고대 노르웨이어 sœma(존경하다, 존중하다)"
25,seethe ,네델란드어 zieden(끓는)
25,self-abasement ,self + a(~에) + baissier(낮추다)
25,self-absorption,self + ab(~로부터) + sorbere(빨아드리다)
25,self-contained,self + con(모두 다) + tenere(붙들다)
25,self-conscious,self + conscius(남의 비밀을 알고 있는)
25,self-effacing ,self + ex(로부터 멀리) + face(얼굴)
25,self-important,self + in(안으로) + portare(옮기다)
25,self-perpetuating,self + perpetuus(내내 이어지는) -> perpetuare
25,self-possessed,독일어 selbe + potis(할 수 있는) + sedere(앉다)
25,self-serving,self + servus(노예)
25,self-styled,self + stilus(스타일)
25,semantics,"sēma(표시, 사인) -> sēmainein(의미하다)"
25,semblance ,simulare(흉내내다)
25,seminal,semen(씨앗)
25,senescence,senex(나이든) -> senescere(나이들다)
25,senile,senex(나이든)
25,sententious,"sentire(느끼다, 의견이 있다) -> sententia(의견)"
25,sentient ,"sentire(느끼다, 의견이 있다)"
25,sequential,sequi(따르다) -> sequent(따르는)
25,sequester,sequester(위탁 관리자)
25,seraphic ,히브리어 śĕrāp̱īm -> 그리스어 seraphim(천사)
25,serendipity,“Three Princes of Serendip” 작품명에서 유래
25,serene,"serenus(깨끗한, 맑은)"
25,serration,serra(톱)
25,serried,"serré(밀집해 있는, 서로 딱 붙어 있는)"
25,serve,servus(노예)
25,servitude,servus(노예)
25,shackle,"네델란드어 schakel(연결, 짝짓기)"
25,shadow,skotos(어두움)
25,shadowy,skotos(어두움)
25,sham ,shame(부끄러움)
25,shard,"네델란드어 schaarde(급수, 등수)"
25,sheer,"shire(순수한, 깨끗한)"
25,shiftless,독일어 schichten(계층화하다) + less
25,shifty,독일어 schichten(계층화하다)
25,shirk,"독일어 Schurke(건달, 악당, 무뢰한)"
25,shoddy,unknown origin
25,shopocracy,고대 프랑스어 eschoppe(간의상점)
25,shore up,독일 북부 방언 schore(떠받치다)
25,shrewd,중세영어 shrew(저주하다)의 과거분사형 또는 shrew(성질 더러운 여자) -> 17세기에 긍정적 의미
25,shrieking,고대 노르웨이어 skrækja(비명을 지르다)
25,shrivel,스웨덴 방언 skryvla(주름지다)
25,shrug off,unknown origin
25,shun,"고대 영어 scunian(혐오하다, 두려워서 움츠리다)"
25,shy away from,unknown origin
25,sideline,side + line
25,sidestep,-
25,sift,네델란드어 ziften(채)
25,simmer,"17세기 영어 방언, simper(내숭과 아부의 웃음)를 흉내내다가 생긴 의미로 추정"
25,simplistic,simplus(간단한)
25,simulate,similus(비슷한)
25,sinew,독일어 Sehne(힘줄)
25,singular,simplus(간단한) -> singulus
25,sinistral,sinister(왼쪽)
25,sinister,sinister(왼쪽)
25,skeptic,"그리스어 skpetikos(조사하다, 의심하다)"
25,sketchy,그리스어 skhedios(즉흥적인)
25,skew,고대 프랑스어 eschiver(피하다)
25,skimp,unknown origin
25,skirt,고대 노르웨이어 skyrta(셔츠)
25,skittish,중세 영어 skit(빠르고 가볍게 움직이다)
25,skulk,스웨덴어 skolka(피하다)
25,skullduggery,스코틀랜드어 sculduddery 
25,slacken,laxus(느스한)
25,slake,고대 영어 slæc(느슨한)
25,slander,skandalon(덫)
25,slant,중세 영어 lent
25,slapdash,"slap(정면으로, 정통으로) + dash(때리다) -> 빠르게 때리다 -> 빠르게 해서 성의없는"
25,sleazy,unknown origin
25,slick,고대 노르웨이어 slíkr(부드러운)
25,slight,"고대 노르웨이어 slétta(경시하다, 무시하다)"
25,slink,"중세 독일어 slinken(잦아들다, 가라앉다)"
25,slippery,15세기 방언에서
25,slipshod,중세 독일어 slippen(미끌어지다) + shod(신발을 신은)
25,slothful,slow(느린) + th(명사형)
25,slovenly ,"네델란드어 slof(부주의한, 태만한)"
25,sluggish,"중세 영어 (게으르다, 느리다) + ard(명사형)"
25,slur,"중세 영어 “묽은 진흙”의 의미 -> 더럽히다, 비하하다"
25,smash,18세기 의태어
25,smattering,unknown origin
26,smirk,고대 영어 sme(a)rcian(웃다)
26,smother,고대 영어 smorian(질식시키다)
26,smug,독일 북부 방언 smuk(예쁜)
26,smuggle,독일 북부 방언 smuggelen(밀수하다)
26,snag,스칸디나비아 ‘항해를 방해하는 바다에 잠긴 통나무’
26,snarl,중세 독일 북부 방언 snare(하프 줄)
26,sneer,의태어
26,soar,ex(밖으로) + aura(바람이 불다)
26,sober,"sobrius(근엄한, 칙칙한)"
26,solicit,"sollus(완전한, 전체의) + citus(ciere 움직이게 하다 과거분사)"
26,solicitous,"sollus(완전한, 전체의) + citus(ciere 움직이게 하다 과거분사)"
26,solidarity,"프랑스어 soldarité(하나됨, 일치)"
26,solidify,"sollus(전체의), salvus(안전한), solidus(단단한)"
26,solvent,solvere(느슨하게 풀어주는)
26,somber,"sub(아래로, 아래에) + umbra(그늘)"
26,somnolent,somnus(잠) -> somnlentus(잠자는)
26,sonorous,sonor(소리)
26,soothe,"고대 영어 sōthian(증명하다, 증명되다) -> 동의해서 상대방을 즐겁게 하다 -> 아부하다 -> 달래다"
26,soothsayer,"고대 영어 sōth(진짜의, 진실한) + say"
26,sop,고대 영어 “꿀에 푹 담근 빵”. 아이네아스가 하데스를 방문할 때 문지기인 머리 셋 뱀꼬리의 개를 달래려고 준비했던 ‘꿀에 담근 빵’에서 유래
26,sophism,그리스어 sophisma(영리한 장치)
26,sophisticated,sophisticare(함부로 바꾼) -> 섞여 있는
26,sophistry,"sophos(지혜로운) -> sophizesthai(고안하다, 영리해지다)"
26,sophomoric   ,그리스어 sophisma(영리한 장치) + er(비교급) -> sophomore(대학 2학년)
26,soporific,sopor(잠) + fic(만드는)
26,sordid,sordere(더럽다)
26,sparse,spargere(흩어지게하다)
26,spartan,Sparta 거주민
26,spate,중세 영어 “홍수”
26,specious,specere(보다) -> speciosus(예쁜) 
26,spectrum,specere(보다)
26,speculate,specere(보다)
26,speculative ,specere(보다)
26,spendthrift,spend + thrift(검소함)
26,spent ,expendere(지불하다) -> spend -> spent
26,spew,독일어 speien(뿜어내다)
26,spiral,spira(휘감아 놓은 고리)
26,spirited,"spirare(호흡하다) -> spiritus(호흡, 영혼)"
26,splenetic,"그리스어 splēn(비장, 지라)"
26,splurge,의태어
26,spontaneous,sponte(자발적인)
26,sporadic,"speirein(씨 뿌리다) -> sporas, sporad(흩어진)"
26,sprawl,덴마크어 sprælle(발로 물을 차서 물이 튀게 하다)
26,spur,고대 영어 spora(박차)
26,spurious,"spurius(허위의, 가짜의) "
26,spurn,spernere(조롱하다)
26,squabble,스웨덴 방언 skvabbel(논쟁)
26,squalid,"squalere(거칠다, 더럽다)"
26,squander,unknown origin
26,square with,quadra(사각형)
26,squarely,quadra(사각형)
26,squash,cassus(무효인) -> cassare(무효로하다) -> 고대 불어 quasser -> quash -> squash
26,squeamish,중세 영어 방언 squeamous
26,squelch,의성어
26,stagger,고대 노르웨이어 stakra(비틀거리다)
26,stagnant,stagnum(웅덩이) -> stagnare(웅덩이가 되다)
26,staid  ,라틴어 stare(서다) -> 고대 프랑스어 ester -> stay -> staid
26,stain,고대 프랑스어 desteindre(얼룩지게 하다)
26,stale,"고대 불어 estaler(멈추다, 놓여있다)"
26,stalemate,"고대 불어 estaler(멈추다, 놓여있다) + mate(chess 용어 장군!)"
26,stalwart,고대 영어 stǣl(장소) + weorth(가치)
26,stanch ,고대 불어 estanche(방수의)
26,standoffish,standoff(싸우는 양측 사이의 교착상태)
26,stark ,독일어 stark(강한)
26,stasis,"그리스어 stasis(서 있는, 조업 중단)"
26,static,statikos(서게 하는)
26,staunch,고대 불어 estanche(방수의)
26,stave off,"고대영어 stæf(막대기, staff)"
26,steep,고대 영어 stēap(높은 곳에서 뻗어 있는)
26,stem,"고대 노르웨이어 stemma(멈추다, 지연시키다)"
26,stench,고대 영어 stenc(냄새)
26,stentorian,그리스어 Stentōr(트로이 전쟁에서 전령의 이름)
26,sterling,sterling 영국의 파운드화
26,stickler,고어 stickle(심판을 보다)
26,stifle,unknown origin
26,stigmatize,그리스어 stigma(뾰족한 도구로 찍은 자국)
26,stilted,독일어 Stelze (죽마) -> 뻣뻣한 것
26,stipulate,stipulari(약속하다)
26,stodgy,stuff(가득 채우다) + podge(뚱뚱한 사람)
26,stoic,그리스어 Stoa Poikilē (스토아 학파의 창시자인 Zeno가 제자들을 가르치던 장소)
26,stolid,"stolidus(움직이지 않는, 멍청한)"
26,stopgap,‘stop a gap’ 구멍을 막다
26,straightforward,stretch의 과거분사 -> straight forth(앞으로) + ward(~방향으로) -> forward
26,strain,struere (건설하다)
26,strained,struere (건설하다)
26,stratagem,startos(군인) + agein(이끌다)
26,stratify,sternere(흩뿌리다) -> stratus(흩뿌려진) + fy(만들다)
26,stray,extra(밖으로) + vagari(방황하다) -> 프랑스어 extraier ->astray -> stray
26,streamline,"독일어 Strom(큰 강; 흐름, 분출) + linum(아마, 아마 섬유)-> line"
26,strenuous,"strenuus(경쾌한, 상쾌한) + ous"
26,strident,stridere(삐걱삐걱 소리나다)
26,strife,고대 프랑스어 estriver(투쟁하다)
26,stringent,stringere(팽팽하게 당기다)
26,strive,"estrif(갈등, 불화)"
26,strut,고대 영어 strūtian(빳빳하게 돌출하다)
26,stultify,"stilts(바보같은, 어리석은)"
26,stump,"중세 네델란드어 stomp(절뚝거리다), 잘려진 팔다리라는 의미에서 파생"
26,stun,ex(밖으로) + tonare(천둥치다) -> astound -> stun
26,stupefy,stupere(감각이 없어질만큼 충격을 받다)
26,sturdy,turdus(a thrush 개똥지바귀) = 술꾼 프랑스 속담 ‘개똥지바귀만큼 술에 취한’에서
27,stymie,골프에서 공이 다른 플레이어의 샷을 방해하는 상황. unknown origin
27,subdue,"sub(아래로) + ducere(당기다, 이끌다)"
27,subjugate,sub(아래로) + jugum(멍에)
27,sublime,sub(~까지) + limen(경계)
27,submerge,sub(아래로) + mergere(담그다)
27,submissive,sub(아래로) + mittere(보내다)
27,subordinate,sub(아래로) + ordinare(임명하다)
27,subsequent,"sub(뒤에) + sequi(따르다, 따라오다)"
27,subservient,sub(아래에) + servus(노예)
27,subside ,sub(아래에) + sidere(정착하다)
27,subsidiary,subsidium(도움)
27,subsidy,subsidium(도움)
27,substantial,"substrate(굳건히 서다) -> substantiare(존재하다, 본질이다) -> substantia(본질)"
27,substantiate,"substrate(굳건히 서다) -> substantiare(존재하다, 본질이다) -> substantia(본질)"
27,substantive,"substrate(굳건히 서다) -> substantiare(존재하다, 본질이다) -> substantia(본질)"
27,subsume,sub(아래에서) + sumere(가져가다)
27,subterfuge,subter(아래에) + fugere(도망치다)
27,subtle,subtilis(이해하기 쉽지 않은)
27,subvert  ,sub(아래에서) + vertere(돌리다)
27,succinct,"sub(아래에서) + cingere(둘러싸다, 묶다, 매다)"
27,succor,sub(아래에서) + currere(달리다) -> 도와주러 달려가다
27,succulent,succus(쥬스)
27,succumb to,sub(아래에) + cubare(놓여 있다)
27,suckle,중세영어 suck(빨다)
27,suffrage,"suffragium(중보기도, 도움) -> 18C미국 투표권"
27,sulky,unknown origin
27,sullen,앵글로 노르만 불어 sulein(혼자 있는) -> 함께 있기 싫어하는
27,sully,souiller(흙을 묻히다)
27,sumptuous,sumptus(지출)
27,sunder,"독일어 sondern(자르다, 나누다)"
27,superannuated,"super(초과, 초월) + annus(해, 년)"
27,superb,"superbus(자랑스러워하는, 아름다운, 감명깊은)"
27,supercilious,supercilium(눈썹)
27,superficial ,super(위에) + facies(얼굴)
27,superfluous,super(위로) + fluere(흐르다)
27,superlative,superlatus(초월한)
27,supersede,super(위에) + sedere(앉다)
27,supplant,sub(아래에서) + planta(신발밑창)
27,supple,sub(아래에) + placere(달래다) -> supplex(굴복하는)
27,supplement ,sub(아래에서) + plere(채우다)
27,suppliant,sub(아래에) + placere(달래다) -> supplicare(애원하다)
27,supplicate,sub(아래에) + placere(달래다) -> supplicare(애원하다)
27,supreme ,superus(위에 있는 것)의 최상급 -> supremus
27,surfeit,"super(위에서, 지나치게) + facere(하다, 만들다)"
27,surge,surgere(올라오다)
27,surly,sir(남자를 높여 부르는 말) + ly(~스러운)
27,surmise,super(위로) + mittere(보내다)
27,surmount,sur(넘어서) + mount(산)
27,surpass ,sur(위로) + passer(지나가다)
27,surrender ,"sur(초월하여) + render(도움을 주다, 봉사하다)"
27,surreptitious ,sub(비밀스럽게) + rapere(붙잡다)
27,surrogate,"super(위로) + rogare(묻다, 요구하다)"
27,susceptible,sub(아래에서) + capere(데려가다)
27,suspend ,sub(아래에서) + pendere(매달리다)
27,suspended,sub(아래에서) + pendere(매달리다)
27,sustain ,sub(아래에서) + tenere(붙잡다)
27,swath,독일어 Schwade(한 줄로 눕힌 풀)
27,sway,독일 북부 방언 swājen(앞 뒤로 불다)
27,sweeping,독일어 schweifen(부채꼴 모양으로 닦다)
27,swerve,중세 네델란드어 swerven(헤매다)
27,swill,unknown origin
27,swindle,"독일어 Schwindler(협잡꾼, 사기꾼)"
27,sybarite,고대 그리스 도시 Sybaris 주민(이태리 남부의 사치품으로  유명)
27,sycophant,그리스어 sukon(무화과) + plainein(보여주다)
27,symbiosis,그리스어 sumbiōsis(같이 살고 있는)
27,symmetrical,"그리스어 sun(함께) + metron(자, 측정)"
27,synchronous,그리스어 sun(함께) + khronos(시간)
27,synoptic,그리스어 sun(함께) + opsis(보고 있는)
27,syntactic,그리스어 sun(함께) + tassein(정돈하다)
27,synthesize,그리스어 sun(함께) tithenai(두다)
27,systemic,"sun(함께, 합하여) + histanai(세우다, 설립하다)"
27,tacit,tacere(침묵하다)
27,taciturn,tacere(침묵하다) -> tacitus(과묵한)
27,tact,tangere(만지다)
27,tactile,tangere(만지다)
27,tactless,tangere(만지다)  -> tactus(만지기) + less
27,tailor,taliare(자르다)
27,taint,tingere(염색하다)
27,tangential,tangere(만지다) -> tangent(접촉하는)
27,tangible,tangere(만지다) -> tangibilis
27,tantalize,Tantalus(물에 빠져서 음식과 물을 눈에 앞에 두고도 먹지 못하는 사람)
27,tantamount ,이태리어 tanto montare(아주 많이 쌓여 있는)
27,tantrum,unknown origin
27,tarnish,"terne(어두운, 칙칙한)"
27,tart,고대 영어 teart(가혹한)
27,taunt,프랑스어 tant pour tant(like for like 말장난) -> 농담 주고 받다 -> 서로 비꼬다 -> 심한 말을 주고 받다
27,taut,중세 영어 tought(확장된)
27,tawdry,St Audrey’s lace (값싼 장식의 옷이 많이 팔리던 Ely라는 곳의 수호 성인 Audrey의 이름에서 유래
27,tax,"taxare(비난하다, 고발하다, 계산하다)"
27,taxing,"taxare(비난하다, 고발하다, 계산하다)"
27,technical,"그리스어 tekhnē(기술, 솜씨)"
27,tedious,taedere(지겨워하다)
27,teem (with),고대 노르웨이어 tœma(비우다)
27,teeter,"고대 노르웨이어 titra(흔들다, 떨다)"
27,telling ,"독일어 zählen(계산하다, 부르다) -> tell"
27,temerity,"temere(성급하게, 충동적으로)"
27,temper,"temperare(섞다, 억제하다)"
27,temperament,temperamentum(정확한 배합)
27,temperate,"temperare(섞다, 억제하다)"
27,tempestuous,"tempus(시간, 계절) -> tempestas(계절, 날씨, 폭풍)"
28,temporal,"tempus, tempor-(시간)"
28,temporize,"tempus, tempor-(시간) -> temporizare(지연시키다)"
28,tenable,tenere(붙들다)
28,tenacious,tenere(붙들다)
28,tendentious,"독일어 tendenziös(편파적인, 목적이 있는)"
28,tender,"tener(부드러운, 섬새한)"
28,tenor,"tenere(붙들다) -> tenor(과정, 본질, 법의 중요성)"
28,tentative,"temptare(다루다, 시도하다)"
28,tenuous,tenuis(가늘고 약하고 묽은)
28,tepid,tepere(따듯하다)
28,terrestrial,"terra(땅) -> terrestris(세상의, 세속의)"
28,terse,"tersus(닦아서 광이나는) -> 말쑥한, 세련된 -> 말을 간략하게 하는"
28,testimonial,testis(증인) -> testimonium(증언)
28,testy,testa(조개껍질)
28,tether,고대 노르웨이어 tjóthr(고정시키다)
28,thin-skinned,thin + skin + ed
28,thorny,독일어 Dorn(가시)
28,thoroughgoing,thorough + going
28,threadbare,고대 영어 thrǣd(실밥) + 네델란드어 baar(벌거벗은) -> 실밥이 다 드러난
28,thrift,고대 노르웨이어 thrífa(움켜 쥐다)
28,thrive,고대 노르웨이어 thrífa(움켜 쥐다)
28,throng,"고대 영어 (ge)thrang(군중, 혼란)"
28,thwart ,고대 노르웨이어 thvert(가로지르다)
28,ticklish  ,스코틀랜드어 방언 kittle(간지럽히다)
28,tiff,18세기 방언에서 유래
28,tilt,노르웨이어 tylten(불안정한)
28,timbre,"그리스어 tumpanon(북, 드럼)"
28,timid,timere(두려워하다)
28,timorous,timere(두려워하다)
28,tinge,tingere(염색하다)
28,tirade,tirare(당기다) -> 이태리어 tirata(받아 치다)
28,tiresome,고대 영어 tēorian(지치다) + some(특징을 가진)
28,toady,toad-eater(두꺼비 먹는 사람). 돌팔이 의사의 조수. 독이 있다고 믿어지던 두꺼비를 먹으면서도 죽지 않는 것은 돌팔이 의사가 준 약 때문이라고 광고.
28,toil,tudiculare(휘젓다)
28,tolerance,tolerare(참다)
28,tolerate,tolerare(참다)
28,tonic,그리스어 tonikos(뻗기위한)
28,toothsome,그리스어 odont- ->라틴어 dent- -> 독일어 Zahn -> 네델란드어 tand -> tooth + some(특징을 가진)
28,topple,16세기
28,topsy-turvy,top + 고어 terve(뒤집다)
28,torment,torquere(비틀다) -> tormentum(고문 장치)
28,torpid,"torpere(마비되다, 느려지다, 게으르다)"
28,torrid,torrere(바싹 마르게 태우다)
28,tortuous,torquere(비틀다) -> tortus(비트는)
28,totalitarian,totus(전체의) -> totum(전체)
28,totemic,북미 원주민 Objibwa족 nindoodem(나의 토템)
28,touchy,고대 불어 tohcier(애무하다) 의태어
28,tout,"네델란드어 tuit(주둥이, 노즐, 분사구)"
28,trace,"tractus(당기기, 그리기)"
28,tractable,tractare(다루다)
28,trail    ,"trahere(당기다) -> tragula(저인망, 그물) -> 독일 북부 방언 treilen(보트를 당기다) "
28,trammel  ,"tri(셋) + macula(그물망, 철망)"
28,trample,tramp(발소리 내며 걷다)
28,tranquil,tranquillus(고요한)
28,transcend,trans(가로질러) + scandere(오르다)
28,transcribe,trans-(가로질러) + scribere(쓰다)
28,transfer,trans(가로질러) + ferre(짐을 나르다)
28,transgression,trans(가로질러) + gradi(가다)
28,transient,trans(가로질러) + ire(가다)
28,transitory,trans(가로질러) + ire(가다)
28,translucent,trans(통과하여) + lucere(빛나다)
28,transmogrify,unknown origin
28,transmute,trans(가로질러) + mutare(바뀌다)
28,transparent,trans(통과하여) + parere(나타나다)
28,transplant,trans(가로질러) + plantare(심다)
28,treacherous,trechier(속이다)
28,tremulous,tremere(떨다)
28,trenchant ,truncare(자르다) -> 고대 불어 trenche(잘라서 만든 홈)
28,trepidation,trepidus(놀란)
28,trespass,trans(가로질러) + pass
28,tribute,tribus(부족) -> tribute(부족별로 지정하다)
28,trickster,trechier(속이다) -> trick
28,trigger,네델란드어 trekken(당기다)
28,trite,terere(문지르다)
28,trivialize,"tri(세가지) + via(길): 문법, 수사학, 논리학(중세 대학 1학년 기초 과목)"
28,trounce,unknown origin
28,truculent,"turx, truc-(사나운)"
28,truism,독일어 treu(충성된)
28,trump,thriambos (신 Bacchus 찬가) -> triumph
28,trumpet,고대 불어 trompe -> trumpet(악기)
28,truncate,truncare(자르다) -> trucat-(불구가 된)
28,tumultuous,"tumultus(소동, 소란)"
28,turbid,"turba(군중, 혼란)"
28,turbulent,turba(군중) -> turbulentus(소란으로 가득한)
28,turgid,turgere(부풀어 오르다)
28,turmoil,unknown origin
28,tyranny,그리스어 turnannos(독재자) -> 라틴어 turnannus
28,tyro,"tyro(신병, 신입)"
28,ubiquitous,ubique(모든 곳) 
28,umbrage,umbra(그림자) -> 모호한 윤곽 -> 의심의 원인 -> 분노
28,unabated,un(부정어) + a(~에) + batre(때리다)
28,unaccountable,"un(부정어) + conter(세다, 헤아리다, 계산하다) + able"
28,unaffected,un(부정어) + ad(~에게) + facere(하다)
28,unalloyed,un(부정어) + alligare(묶다)
28,unanimous   ,unus(하나) + animus(마음)
28,unappreciated,"un(부정어) + ad(~로) + pretium(가격, 가치)"
28,unassailable,un(부정어) + ad(~로) + salire(뛰다)
28,unassuming,un(부정어) + ad(향하여) + sumere(가져가다)
28,unbounded,중세 라틴어 bodina(경계)
28,unbridled,un(부정어) + 네델란드어 breidel(굴레)
29,uncalled-for,call for 요구하다
29,uncanny ,"un(부정어) + canny(현명한, 즐거운)"
29,unconscionable,un(부정어) + conscience(양심) + able
29,uncouth,un(부정어) + cūth(알려진)  
29,unctuous,ungere(기름 붓다) -> unctus(기름을 붓는)
29,undaunted ,un(부정어) + domare(길들이다)
29,undercut,"under(부족하게, 불완전하게) + cut"
29,undergird,"under(아래로) + 독일어 gürten(둘러싸다, 매다)"
29,underhanded ,under(아래로) + handed
29,undermine,under(아래로) + mine(파다)
29,underplay,"under(부족하게, 불완전하게) + play"
29,underscore,under(아래로) + 고대 노르웨이어 skora(칼로 그어 절개하다)
29,understate,"under(부족하게, 불완전하게) + state"
29,underwrite,"under + 독일어 reissen(그리다, 끌다)"
29,undeterred,un(부정어) + de(멀리) + terrere(겁주다) deter(위협하여 단념시키다)
29,unencumbered,un(부정어) + en(안에) + cumbre(하구둑) encumber(막다)
29,unequivocal,"un(부정어) + aequus(동등하게, 똑같이) + vocare(부르다)"
29,unexampled,un(부정어) + ex(밖으로 + emere(가져가다)
29,unexceptionable,"un(부정어) + ex(밖으로) + capere(잡다, 가져가다) + able"
29,unfailing,un(부정어) + faillere(속이다)
29,unfathomable,un(부정어) + 독일어 Faden(6피트) + able
29,unfeigned,"un(부정어) + fingere(형태 만들다, 고안하다)"
29,unfettered,"un(부정어) + pes, ped-(발)"
29,unflagging,un(부정어) + flag(아래로 쳐지다) 
29,unflappable,"un(부정어) + flap(퍼덕거리다, 의태어) + able"
29,unflinching,고대 프랑스어 flenchir(옆으로 돌리다)
29,unfounded,un(부정어) + fundus(바닥)
29,ungainly,un(부정어) + 고대 노르웨이어 gegn(똑바른)
29,unimpeachable,"un(부정어) + impedicare(잡다, 얽어매다) +able"
29,uninitiated,un(부정어) + initiare(시작하다) => 시작도 하지 않은
29,unintelligible,un(부정어) + intelligere(이해하다) + ible
29,unkempt,un(부정어) + kempt(빗질을 한)
29,unnerve,"un(부정어) + 그리스어 neuron, 라틴어 nervus(신경)"
29,unostentatious,un(부정어) + ostendere(몸을 뻗어서 보다)
29,unprecedented,un(부정어) + pre(미리) + cedere(가다)
29,unqualified,"un(부정어) + qualis(그런 종류의, 어떤 종류의) + fy(만들다)"
29,unravel,un(부정어) + 네델란드어 ravelen '뒤엉키다'
29,unremitting,un(부정어) + re(뒤로) + mittere(보내다)
29,unrepentant,un(부정어) + re(강조) + pentir(뉘우치다)
29,unruly,un(부정어) + ruly(훈련을 잘 받는)
29,unscathed,un(부정어) + 독일어 schaden(상처를 주다)
29,unseemly,un(부정어) + sœmr(딱 맞는) + ly
29,unsettle,"un(부정어) + sella(앉히다, 앉다)"
29,unspoken,un(부정어) + 독일어 sprechen(말하다)
29,unstinting,unknown origin
29,unstudied,"un(부정어) + studim(열정, 철저한 적용) "
29,untainted,un(부정어) + tingere(염색하다)
29,untenable ,un(부정어) + tenere(붙들다)
29,untold ,un(부정어) + told
29,untoward,un(부정어) + 고대 영어 tōweardes(향하여)
29,untrammeled,un(부정어) + tri(세개의) + macula(그물).
29,unveil,"un(부정어) + vellum(덮게, 커튼)"
29,unwarranted,un(부정어) + 고대 불어 guarant(보호하다)
29,unwieldy,"un(부정어) + 독일어 walten(정복하다, 통치하다, 굷고시키다)->무기, 권력을 휘두르다"
29,unwitting,un(부정어) + 독일어 wissen(알다)
29,unwonted ,"un(부정어) + 고대 영어 wunian(거주하다, 익숙하다)"
29,upbeat,up(더 높은) + beat(박자)
29,upbraid,고대 영어 upbrēdan(~라고 우겨서 비난하다)
29,upend,up(위로) + end(끝)
29,upheaval,up(위로) + capere(잡다)
29,uphold,up(위로) + hold(붙들다)
29,urbane,"urbs, urb-(도시)"
29,usurp,ususrpare(이용하기 위해 붙잡다)
29,usury,"usura(사용, 이용)"
29,utilitarian,utilitas(유용한)
29,utter ,"고대 영어 ūtera, ūttra(밖의)"
29,vacillate,vacillare(마음이 흔들리다)
29,vacuous,vacuus(텅빈)
29,vagabond,vagari(방황하다)
29,vagarious,vagari(방황하다)
29,vagary,vagari(방황하다)
29,vagrant,vagari(방황하다)
29,vain,"vanus(텅빈, 내용물이 없는)"
29,vainglorious,vanus(텅빈) + gloria(영광)
29,valediction,vale(헤어질 때의 인사) + dicere(말하다)
29,valiant ,valere(강하다)
29,validate,valere(강하다) -> validus(강한)
29,valorize,프랑스어 valeur(가치)
29,valorous,valere(강하다)
29,vanquish ,"vincere(정복하다, 이기다)"
29,vapid,vapidus(맛이 없는)
29,vaporize,"vapor(증기, 열)"
29,vaporous,"vapor(증기, 열)"
29,variable,varius(다양한) -> variare(다양하다)
29,variance,varius(다양한) -> variare(다양하다)
29,variegated,varius(다양한) -> varigare(다양하다)
29,varnish,veronix(향기로운 송진)
29,vaudeville,15세기 프랑스 작곡가 Olivier Basselin의 고향 Vau de Vire 에서 유래. Baseelin의 노래를 vadu de ville로 부르기 시작.
29,vault,"volvere(돌다, 돌리다)"
29,vaunt,"vanus(텅빈, 내용물이 없는)"
29,veer,gyrare(돌다) -> 프랑스어 virer
29,vehement ,"vehement(무례한, 폭력적인)"
29,veil,"velum(커튼, 막, 세포막)"
29,velocity,"velox, veloc-(빠른)"
29,venal     ,venum(팔 물건)
29,venerate,venerari(존경하다)
29,venial,venia(용서)
29,venture,advenire(도착하다) -> adventurus(임박한)
29,veracious,"verus(진리의, 진실한) -> verax, verac-(진실한)"
29,verbatim,"verbum(단어, 동사)"
30,verbiage,"verbum(단어, 동사) -> verbeier(잡담하다)"
30,verbose,"verbum(단어, 동사) -> verbosus(단어의)"
30,verdant ,virdis(초록색의)
30,verify,"verus(진리의, 진실한) + ficare(만들다)"
30,verisimilitude,"verus(진리의, 진실한) + similis(비슷한)"
30,veritable,"verus(진리의, 진실한) -> 고대 불어 verite(진리)"
30,vernacular,"verna(집에서 태어난 노예) -> vernaculus(지역의, 토종의)"
30,versatile,"vertere(돌리다, 변하다) -> versare"
30,versed,versari(몰두하다)
30,vertex,"vertere(돌리다, 변하다)"
30,verve,"verba(말들, 단어들)"
30,vestige,vestigium(발자국)
30,veto,“I forbid.”
30,vex,"vexare(흔들다, 어지럽히다)"
30,vexed,"vexare(흔들다, 어지럽히다)"
30,viable,"vita(인생, 삶)"
30,vicarious,vicarius(대신하는 것)
30,vicissitude,vicissim(교대로) -> vicissitudo
30,vigilant ,vigil(깨어 있는)
30,vile,vilis(가치가 낮은)
30,vilify,vilis(가치가 낮은) + ficare(만들다)
30,vim,vis(에너지)
30,vindicate,"vindicare(수당을 청구하다, 복수하다)"
30,vindictive,vindicta(복수하다)
30,virtue,"virtus(가치, 장점, 완전함)"
30,virtuosity,"virtus(가치, 장점, 완전함) -> virtuosus(학식이 있는, 솜씨 있는)"
30,virtuoso,"virtus(가치, 장점, 완전함) -> virtuosus(학식이 있는, 솜씨 있는)"
30,virulent,virus(독)
30,visceral,viscus(뱃소 장기관) -> viscera 복수형
30,vital,vita(생명)
30,vitiate ,vitium(사악함) -> vitiare(손상입히다)
30,vitriolic,vitrum(유리)
30,vituperate,"vituperat-(비난받는, 비하당하는)"
30,vivacious,vivere(살다)
30,vivify,vivere(살다)
30,vocal   ,"vox, voc-(목소리)"
30,vociferous    ,vox(목소리) + ferre(가지고 다니다)
30,void,vacare(비우다) -> 고대 불어 vuide(텅 빈)
30,volatile,volare(날다)
30,volition,volo(I wish)
30,voluble,volvere(돌리다)
30,voluminous,"volvere(돌다, 돌리다) -> volumn(돌리는 것, 돌린 것)"
30,voluptuous,voluptas(쾌락)
30,voracious,vorare(게걸스럽게 먹다)
30,votary  ,vovere(맹세하다)
30,vouch,vocare(부르다) -> voucher(호출하다)
30,vouchsafe,vouch(보장하다) + safe
30,vulgar,vulgus(평민) 
30,vulnerable,vulnus(상처) -> vulnerare(상처 입히다)
30,waffle,17세기 방언 waff(꺅하고 비명지르다)
30,wag,고대 영어 wagian(흔들다)
30,waggish,고대 영어 wagian(흔들다)
30,wan ,unknown origin
30,wander,독일어 wenden(방향을 바꾸다)
30,wane,"vanus(텅빈, 내용물이 없는)"
30,wanting,고대 노르웨이어 vant(부족한)
30,warble,unknown origin
30,warrant,고대 불어 guarant -> 안전하게 지켜주다
30,wary,고대 영어 wær(알고 있는)
30,watchful,고대 영어 wæcce(경계 서고 있는 상태)
30,waver,고대 노르웨이어 vafra(흔들거리다)
30,wax,unknown origin
30,wayward,away(멀리) + ward(향하는)
30,wearisome,"고대영어 wērig, wǣrig 지친"
30,weary,"고대영어 wērig, wǣrig 지친"
30,weather,독일어 Wetter(날씨)
30,welter,중세 네델란드어 welteren
30,wheedle,welden(찡그리다)
30,wherewithal,with + which
30,whet,"독일어 wetzen(연마하다, 다듬다)"
30,whim,unknown origin
30,whimsical ,unknown origin
30,wholesale,중세영어 by whole sale
30,wilderness,wild(야생의) + deer(사슴) -> 야생동물들이 거주하는 곳
30,willful ,will(의지) + full(가득한)
30,wilt  ,독일 북부 방언 welk(신선함을 잃다)
30,wince,고대 프랑스어 guenchir(고개를 돌리다)
30,winning,wyn(즐거움)
30,winnow,고대 영어 windwian(바람)
30,winsome,wyn(즐거움) + some(특징으로 가진)
30,wistful,17세기 고어 wistly(의도적으로)
30,withdraw,with(멀리) + draw(당기다)
30,withdrawal,with(멀리) + draw(당기다)
30,withered,weather의 변형
30,withhold,with(멀리) + hold(붙들다)
30,withstand,with(저항하여) + stand(서 있다)
30,woe,감탄사
30,woo,unknown origin
30,workaday,work-day에서 ‘nowaday’ 모양으로 변형
30,wreck,고대 노르웨이어 reka(몰고 가다)
30,wrest,고대 영어 wrǣstan(비틀다)
30,wrought,고어 work의 과거분사형
30,wry,"고대 영어 wrīgian(기울다, 경향이 있다)"
30,xenophobic,"xeno-(외국의, 이질적인) + phobia(경멸하면서 두려워하는 마음)"
30,yielding,고대 영어 g(i)eldan(지불하다)
30,zealous,"그리스어 zēlos(열정, 열심)"
30,zealot ,"그리스어 zēlos(열정, 열심) -> zēlōtēs(열정적인 사람)"
30,zenith,아랍어 samt(머리 위의 길)
30,zest,프랑스어 zeste(오렌지와 레몬 껍질)
30,zinger,의태어